absolute_community,absolute_unigram_topic,absolute_unigram_keywords,weighted_community,weighted_unigram_topic,weighted_unigram_keywords,absolute_bigram_topic,absolute_bigram_keywords,weighted_bigram_topic,weighted_bigram_keywords,members
0,8,"['ban', 'travel', 'trump', 'order', 'judge', 'revise', 'hawaii', 'trumps', 'block', 'president', 'immigration']",2,1,"['ban', 'travel', 'trump', 'order', 'judge', 'revise', 'hawaii', 'president', 'trumps', 'block']",4,"['ban', 'travel', 'trump', 'executive_order', 'order', 'revise', 'judge', 'federal_judge', 'trumps', 'president', 'hawaii', 'block', 'executive']",12,"['ban', 'travel', 'trump', 'executive_order', 'order', 'judge', 'revise', 'federal_judge', 'hawaii', 'president', 'trumps', 'muslim', 'block', 'immigration']","[522537060, 716418247579549696, 733246533156655100, 764950182572142593, 770839424766804000]"
3,4,"['ban', 'trump', 'muslimban', 'travel', 'muslim', 'trumps', 'country', 'lose', 'total', 'judge']",11,1,"['ban', 'travel', 'trump', 'order', 'judge', 'revise', 'hawaii', 'president', 'trumps', 'block']",0,"['ban', 'trump', 'muslimban', 'travel', 'lose', 'muslim', 'trumps', 'country', 'terror_threat', 'exclude_country']",6,"['radio_live', 'stock_money', 'blackoutday']","[29442313, 216776631, 485958942]"
5,8,"['ban', 'travel', 'trump', 'order', 'judge', 'revise', 'hawaii', 'trumps', 'block', 'president', 'immigration']",9,1,"['ban', 'travel', 'trump', 'order', 'judge', 'revise', 'hawaii', 'president', 'trumps', 'block']",9,"['ban', 'travel', 'trump', 'muslim']",12,"['ban', 'travel', 'trump', 'executive_order', 'order', 'judge', 'revise', 'federal_judge', 'hawaii', 'president', 'trumps', 'muslim', 'block', 'immigration']","[6392972, 18910693, 49047411, 110396781, 937875895, 2495386515, 2806325167, 2930574973, 3713258776, 783134630669148161]"
6,8,"['ban', 'travel', 'trump', 'order', 'judge', 'revise', 'hawaii', 'trumps', 'block', 'president', 'immigration']",12,1,"['ban', 'travel', 'trump', 'order', 'judge', 'revise', 'hawaii', 'president', 'trumps', 'block']",4,"['ban', 'travel', 'trump', 'executive_order', 'order', 'revise', 'judge', 'federal_judge', 'trumps', 'president', 'hawaii', 'block', 'executive']",12,"['ban', 'travel', 'trump', 'executive_order', 'order', 'judge', 'revise', 'federal_judge', 'hawaii', 'president', 'trumps', 'muslim', 'block', 'immigration']","[478855762, 2903166449, 4040707780, 799609981121138690]"
14,8,"['ban', 'travel', 'trump', 'order', 'judge', 'revise', 'hawaii', 'trumps', 'block', 'president', 'immigration']",14,1,"['ban', 'travel', 'trump', 'order', 'judge', 'revise', 'hawaii', 'president', 'trumps', 'block']",9,"['ban', 'travel', 'trump', 'muslim']",12,"['ban', 'travel', 'trump', 'executive_order', 'order', 'judge', 'revise', 'federal_judge', 'hawaii', 'president', 'trumps', 'muslim', 'block', 'immigration']","[629565974, 1146358172, 2922305530, 821136198798340097]"
16,4,"['ban', 'trump', 'muslimban', 'travel', 'muslim', 'trumps', 'country', 'lose', 'total', 'judge']",46,1,"['ban', 'travel', 'trump', 'order', 'judge', 'revise', 'hawaii', 'president', 'trumps', 'block']",4,"['ban', 'travel', 'trump', 'executive_order', 'order', 'revise', 'judge', 'federal_judge', 'trumps', 'president', 'hawaii', 'block', 'executive']",12,"['ban', 'travel', 'trump', 'executive_order', 'order', 'judge', 'revise', 'federal_judge', 'hawaii', 'president', 'trumps', 'muslim', 'block', 'immigration']","[17642747, 2617327641, 839574081854931000]"
18,3,"['muslimban', 'muslim', 'ban', 'travelban', 'maga', 'trump', 'country', 'travel', 'judge', 'offend', 'leave', 'obama', 'america']",17,8,"['travelban', 'maga', 'muslimban', 'trump', 'pvv', 'tcot', 'islam', 'refugee', 'refugeeswelcome', 'bordersclose', 'read', 'marinelepen', 'vote', 'france']",11,"['refugeeswelcome', 'travelban', 'maga', 'muslimban', 'tcot', 'pvv', 'islam', 'stopislamofobia', 'bordersclose']",10,"['muslimban', 'muslim', 'ban', 'country', 'trump']","[3089155533, 704041886089084900, 823677081422688256]"
20,4,"['ban', 'trump', 'muslimban', 'travel', 'muslim', 'trumps', 'country', 'lose', 'total', 'judge']",18,1,"['ban', 'travel', 'trump', 'order', 'judge', 'revise', 'hawaii', 'president', 'trumps', 'block']",0,"['ban', 'trump', 'muslimban', 'travel', 'lose', 'muslim', 'trumps', 'country', 'terror_threat', 'exclude_country']",4,"['muslimban', 'trump', 'trumprussia', 'resist', 'ban', 'russiagate', 'theresistance', 'muslim', 'travel', 'april_speech', 'break', 'trumps', 'todays_hashtag', 'april']","[15155181, 22165261, 32298202, 152570227]"
23,6,"['ban', 'muslim', 'muslimban', 'trump', 'court', 'aclu']",20,3,"['muslimban', 'nobannowall', 'live', 'true']",4,"['ban', 'travel', 'trump', 'executive_order', 'order', 'revise', 'judge', 'federal_judge', 'trumps', 'president', 'hawaii', 'block', 'executive']",9,"['muslimban', 'nobannowall', 'immigration', 'tntweeter_uslatino']","[420075825, 2799538857, 797080559839309800, 834520434318139400]"
26,8,"['ban', 'travel', 'trump', 'order', 'judge', 'revise', 'hawaii', 'trumps', 'block', 'president', 'immigration']",21,1,"['ban', 'travel', 'trump', 'order', 'judge', 'revise', 'hawaii', 'president', 'trumps', 'block']",4,"['ban', 'travel', 'trump', 'executive_order', 'order', 'revise', 'judge', 'federal_judge', 'trumps', 'president', 'hawaii', 'block', 'executive']",12,"['ban', 'travel', 'trump', 'executive_order', 'order', 'judge', 'revise', 'federal_judge', 'hawaii', 'president', 'trumps', 'muslim', 'block', 'immigration']","[2785269257, 4717892303, 764322548754550784, 818589875851051008]"
27,3,"['muslimban', 'muslim', 'ban', 'travelban', 'maga', 'trump', 'country', 'travel', 'judge', 'offend', 'leave', 'obama', 'america']",22,1,"['ban', 'travel', 'trump', 'order', 'judge', 'revise', 'hawaii', 'president', 'trumps', 'block']",10,"['muslimban', 'ban', 'muslim', 'offend_sink', 'travel', 'long_conservative', 'country']",0,"['travelban', 'refugeeswelcome', 'maga', 'trump', 'ban', 'refugee', 'noban', 'tcot', 'muslimban', 'islam', 'stopislamofobia', 'judge', 'muslim', 'humanright_fight']","[608471241, 2984330300, 775199416470818817]"
28,8,"['ban', 'travel', 'trump', 'order', 'judge', 'revise', 'hawaii', 'trumps', 'block', 'president', 'immigration']",23,1,"['ban', 'travel', 'trump', 'order', 'judge', 'revise', 'hawaii', 'president', 'trumps', 'block']",4,"['ban', 'travel', 'trump', 'executive_order', 'order', 'revise', 'judge', 'federal_judge', 'trumps', 'president', 'hawaii', 'block', 'executive']",12,"['ban', 'travel', 'trump', 'executive_order', 'order', 'judge', 'revise', 'federal_judge', 'hawaii', 'president', 'trumps', 'muslim', 'block', 'immigration']","[68714859, 301692966, 1626294277, 2555055486]"
29,8,"['ban', 'travel', 'trump', 'order', 'judge', 'revise', 'hawaii', 'trumps', 'block', 'president', 'immigration']",24,1,"['ban', 'travel', 'trump', 'order', 'judge', 'revise', 'hawaii', 'president', 'trumps', 'block']",9,"['ban', 'travel', 'trump', 'muslim']",12,"['ban', 'travel', 'trump', 'executive_order', 'order', 'judge', 'revise', 'federal_judge', 'hawaii', 'president', 'trumps', 'muslim', 'block', 'immigration']","[156370763, 368288476, 3045306697]"
30,11,"['nobannowall', 'muslimban', 'nomuslimban', 'immigrants', 'leftist', 'muslim', 'litigation', 'purge', 'immigration', 'heretostay']",25,3,"['muslimban', 'nobannowall', 'live', 'true']",7,"['muslimban', 'trump', 'radio_live', 'resist', 'stock_money', 'theresistance', 'trumprussia']",9,"['muslimban', 'nobannowall', 'immigration', 'tntweeter_uslatino']","[23113271, 26642006, 542367047, 2409763922]"
31,8,"['ban', 'travel', 'trump', 'order', 'judge', 'revise', 'hawaii', 'trumps', 'block', 'president', 'immigration']",26,1,"['ban', 'travel', 'trump', 'order', 'judge', 'revise', 'hawaii', 'president', 'trumps', 'block']",4,"['ban', 'travel', 'trump', 'executive_order', 'order', 'revise', 'judge', 'federal_judge', 'trumps', 'president', 'hawaii', 'block', 'executive']",12,"['ban', 'travel', 'trump', 'executive_order', 'order', 'judge', 'revise', 'federal_judge', 'hawaii', 'president', 'trumps', 'muslim', 'block', 'immigration']","[1664919534, 2767680652, 3314524607]"
32,8,"['ban', 'travel', 'trump', 'order', 'judge', 'revise', 'hawaii', 'trumps', 'block', 'president', 'immigration']",27,1,"['ban', 'travel', 'trump', 'order', 'judge', 'revise', 'hawaii', 'president', 'trumps', 'block']",4,"['ban', 'travel', 'trump', 'executive_order', 'order', 'revise', 'judge', 'federal_judge', 'trumps', 'president', 'hawaii', 'block', 'executive']",12,"['ban', 'travel', 'trump', 'executive_order', 'order', 'judge', 'revise', 'federal_judge', 'hawaii', 'president', 'trumps', 'muslim', 'block', 'immigration']","[16272615, 62590731, 65698096]"
33,8,"['ban', 'travel', 'trump', 'order', 'judge', 'revise', 'hawaii', 'trumps', 'block', 'president', 'immigration']",28,1,"['ban', 'travel', 'trump', 'order', 'judge', 'revise', 'hawaii', 'president', 'trumps', 'block']",4,"['ban', 'travel', 'trump', 'executive_order', 'order', 'revise', 'judge', 'federal_judge', 'trumps', 'president', 'hawaii', 'block', 'executive']",12,"['ban', 'travel', 'trump', 'executive_order', 'order', 'judge', 'revise', 'federal_judge', 'hawaii', 'president', 'trumps', 'muslim', 'block', 'immigration']","[82616432, 308464109, 1268281370, 3318159007, 4865796322]"
34,8,"['ban', 'travel', 'trump', 'order', 'judge', 'revise', 'hawaii', 'trumps', 'block', 'president', 'immigration']",29,1,"['ban', 'travel', 'trump', 'order', 'judge', 'revise', 'hawaii', 'president', 'trumps', 'block']",4,"['ban', 'travel', 'trump', 'executive_order', 'order', 'revise', 'judge', 'federal_judge', 'trumps', 'president', 'hawaii', 'block', 'executive']",12,"['ban', 'travel', 'trump', 'executive_order', 'order', 'judge', 'revise', 'federal_judge', 'hawaii', 'president', 'trumps', 'muslim', 'block', 'immigration']","[14186393, 23153001, 64916983, 186755547, 3157736703]"
36,11,"['nobannowall', 'muslimban', 'nomuslimban', 'immigrants', 'leftist', 'muslim', 'litigation', 'purge', 'immigration', 'heretostay']",31,4,"['travelban', 'refugee', 'immigration', 'refugeeswelcome', 'immigrant', 'muslimban', 'nobannowallnoraid', 'great', 'resisttrump', 'mondaymotivation', 'nobannowall', 'woman', 'resist']",4,"['ban', 'travel', 'trump', 'executive_order', 'order', 'revise', 'judge', 'federal_judge', 'trumps', 'president', 'hawaii', 'block', 'executive']",3,"['fight_terrorism', 'action_extremist', 'create_terrorist', 'travelban_blame', 'extremist', 'create', 'action', 'terrorism', 'terrorist', 'travelban', 'refugee_entire', 'religion', 'entire_religion', 'fight', 'entire', 'refugee', 'remind_ronald', 'reagan_bring', 'communist_cold', 'blame_refugee', 'travelban_blame_refugee_entire']","[321774180, 326208666, 345134536, 931346941, 3195553725, 3576933737, 768947079192412160]"
37,9,"['trumptrain', 'true']",32,3,"['muslimban', 'nobannowall', 'live', 'true']",7,"['muslimban', 'trump', 'radio_live', 'resist', 'stock_money', 'theresistance', 'trumprussia']",6,"['radio_live', 'stock_money', 'blackoutday']","[35300390, 130603246, 171808199, 379463455, 385111201, 500277566, 537890847, 574887275, 1010209111, 3744898573, 4538687428, 711649894402928600, 714472739407532032, 715245592058978305, 715650656753688576, 716775488161710080, 724671839990067200, 728706495387422721, 732241200426557440, 733318875735973888, 738425324422107136, 740774691409924097, 748985476984369153, 750434863845478400, 752256988176871425, 759054028147859457, 766544893036507138, 776542522642268160, 788124385433546752, 789535816821379072, 793086509821734913, 794786565583212544, 819707795574497280, 823654220389826561, 838183916695609344]"
38,8,"['ban', 'travel', 'trump', 'order', 'judge', 'revise', 'hawaii', 'trumps', 'block', 'president', 'immigration']",90,1,"['ban', 'travel', 'trump', 'order', 'judge', 'revise', 'hawaii', 'president', 'trumps', 'block']",4,"['ban', 'travel', 'trump', 'executive_order', 'order', 'revise', 'judge', 'federal_judge', 'trumps', 'president', 'hawaii', 'block', 'executive']",12,"['ban', 'travel', 'trump', 'executive_order', 'order', 'judge', 'revise', 'federal_judge', 'hawaii', 'president', 'trumps', 'muslim', 'block', 'immigration']","[16302354, 18532867, 540459476, 960768704, 2283571788]"
40,6,"['ban', 'muslim', 'muslimban', 'trump', 'court', 'aclu']",34,1,"['ban', 'travel', 'trump', 'order', 'judge', 'revise', 'hawaii', 'president', 'trumps', 'block']",5,"['muslim', 'ban', 'muslimban', 'aclu_comment']",0,"['travelban', 'refugeeswelcome', 'maga', 'trump', 'ban', 'refugee', 'noban', 'tcot', 'muslimban', 'islam', 'stopislamofobia', 'judge', 'muslim', 'humanright_fight']","[90989948, 2613982245, 752325773390938100, 752325773390938112, 832991683876892672, 832991683876892700]"
41,8,"['ban', 'travel', 'trump', 'order', 'judge', 'revise', 'hawaii', 'trumps', 'block', 'president', 'immigration']",35,1,"['ban', 'travel', 'trump', 'order', 'judge', 'revise', 'hawaii', 'president', 'trumps', 'block']",4,"['ban', 'travel', 'trump', 'executive_order', 'order', 'revise', 'judge', 'federal_judge', 'trumps', 'president', 'hawaii', 'block', 'executive']",12,"['ban', 'travel', 'trump', 'executive_order', 'order', 'judge', 'revise', 'federal_judge', 'hawaii', 'president', 'trumps', 'muslim', 'block', 'immigration']","[2197106143, 2347049341, 2918947319, 4099926287]"
42,4,"['ban', 'trump', 'muslimban', 'travel', 'muslim', 'trumps', 'country', 'lose', 'total', 'judge']",36,3,"['muslimban', 'nobannowall', 'live', 'true']",9,"['ban', 'travel', 'trump', 'muslim']",12,"['ban', 'travel', 'trump', 'executive_order', 'order', 'judge', 'revise', 'federal_judge', 'hawaii', 'president', 'trumps', 'muslim', 'block', 'immigration']","[814322577497726976, 814322577497727000, 826201524074278913]"
43,8,"['ban', 'travel', 'trump', 'order', 'judge', 'revise', 'hawaii', 'trumps', 'block', 'president', 'immigration']",37,1,"['ban', 'travel', 'trump', 'order', 'judge', 'revise', 'hawaii', 'president', 'trumps', 'block']",4,"['ban', 'travel', 'trump', 'executive_order', 'order', 'revise', 'judge', 'federal_judge', 'trumps', 'president', 'hawaii', 'block', 'executive']",12,"['ban', 'travel', 'trump', 'executive_order', 'order', 'judge', 'revise', 'federal_judge', 'hawaii', 'president', 'trumps', 'muslim', 'block', 'immigration']","[8535242, 22657082, 89985399, 420053339, 905100619, 2163076560, 2720800274, 4182801496, 822408697213239296, 825830874180640769]"
45,7,"['refugeeswelcome', 'refugee', 'immigration', 'stopislamofobia', 'travelban', 'migrantenkriminalitat', 'immigrant', 'fightfear', 'prouracisme']",39,6,"['refugeeswelcome', 'stopislamofobia', 'migrantenkriminalitat', 'prouracisme', 'feixismemaime', 'lluita', 'contra', 'internacional', 'racisme', 'jornada']",11,"['refugeeswelcome', 'travelban', 'maga', 'muslimban', 'tcot', 'pvv', 'islam', 'stopislamofobia', 'bordersclose']",14,"['migrantenkriminalitat', 'stoprefugee_stopislam', 'afd', 'refugeeswelcome_fdp', 'und', 'migrantenkriminalitat_genugfueralle', 'stoprefugee', 'spd_migrantenkriminalitat', 'schauhin', 'spd', 'fluchtlingskriminalitat']","[2746361571, 2883994199, 4888083347, 805855366546329601]"
46,8,"['ban', 'travel', 'trump', 'order', 'judge', 'revise', 'hawaii', 'trumps', 'block', 'president', 'immigration']",40,1,"['ban', 'travel', 'trump', 'order', 'judge', 'revise', 'hawaii', 'president', 'trumps', 'block']",4,"['ban', 'travel', 'trump', 'executive_order', 'order', 'revise', 'judge', 'federal_judge', 'trumps', 'president', 'hawaii', 'block', 'executive']",12,"['ban', 'travel', 'trump', 'executive_order', 'order', 'judge', 'revise', 'federal_judge', 'hawaii', 'president', 'trumps', 'muslim', 'block', 'immigration']","[171632862, 299097281, 797097069781667840]"
47,8,"['ban', 'travel', 'trump', 'order', 'judge', 'revise', 'hawaii', 'trumps', 'block', 'president', 'immigration']",41,1,"['ban', 'travel', 'trump', 'order', 'judge', 'revise', 'hawaii', 'president', 'trumps', 'block']",4,"['ban', 'travel', 'trump', 'executive_order', 'order', 'revise', 'judge', 'federal_judge', 'trumps', 'president', 'hawaii', 'block', 'executive']",12,"['ban', 'travel', 'trump', 'executive_order', 'order', 'judge', 'revise', 'federal_judge', 'hawaii', 'president', 'trumps', 'muslim', 'block', 'immigration']","[16012783, 118245138, 3380966237]"
48,8,"['ban', 'travel', 'trump', 'order', 'judge', 'revise', 'hawaii', 'trumps', 'block', 'president', 'immigration']",15,0,"['nobannowall', 'theresistance', 'muslimban', 'trump', 'sign', 'pausethispresident', 'refugeeban', 'syria', 'refugee', 'petition', 'unjust', 'sad', 'ass', 'aca']",1,"['immigration', 'travelban', 'refugee', 'tntweeter_uslatino', 'immigration_inmigracion', 'nobannowall', 'nobannowallnoraid_noban', 'sign_petition', 'immigrant']",9,"['muslimban', 'nobannowall', 'immigration', 'tntweeter_uslatino']","[25073877, 89084118, 142893643, 188143601, 221807143, 298602588, 405854923, 488174979, 497514115, 634560527, 1260106039, 1896346400, 2227526898, 2267784241, 2787999736, 2936474595, 3274668836, 789232802558533632, 822215679726100480, 827579095731040256, 828324269335654401, 830019678810599424]"
49,8,"['ban', 'travel', 'trump', 'order', 'judge', 'revise', 'hawaii', 'trumps', 'block', 'president', 'immigration']",43,1,"['ban', 'travel', 'trump', 'order', 'judge', 'revise', 'hawaii', 'president', 'trumps', 'block']",4,"['ban', 'travel', 'trump', 'executive_order', 'order', 'revise', 'judge', 'federal_judge', 'trumps', 'president', 'hawaii', 'block', 'executive']",12,"['ban', 'travel', 'trump', 'executive_order', 'order', 'judge', 'revise', 'federal_judge', 'hawaii', 'president', 'trumps', 'muslim', 'block', 'immigration']","[24377419, 234141596, 423587395, 2483809903]"
50,8,"['ban', 'travel', 'trump', 'order', 'judge', 'revise', 'hawaii', 'trumps', 'block', 'president', 'immigration']",44,1,"['ban', 'travel', 'trump', 'order', 'judge', 'revise', 'hawaii', 'president', 'trumps', 'block']",4,"['ban', 'travel', 'trump', 'executive_order', 'order', 'revise', 'judge', 'federal_judge', 'trumps', 'president', 'hawaii', 'block', 'executive']",12,"['ban', 'travel', 'trump', 'executive_order', 'order', 'judge', 'revise', 'federal_judge', 'hawaii', 'president', 'trumps', 'muslim', 'block', 'immigration']","[863001163, 870872898, 870876488, 870881976, 870882342, 870886394, 870886453, 870892134, 870903090, 870906686, 870907736, 896433678, 915468734, 915722492, 915807342, 915812143, 916004004, 916051280, 916342638, 916490078, 929528022, 951795330, 951798776, 953096516, 1092968340, 1094795100, 784263169996836900]"
51,13,"['muslimban', 'freedom']",45,2,"['muslimban', 'muslim', 'country', 'ban', 'trump', 'muslims', 'islam', 'terrorist', 'america', 'travel']",12,"['muslimban', 'main_reason', 'visit', 'islam', 'total', 'ben_carson', 'trump', 'attack', 'rte', 'iranian', 'people', 'child', 'nation']",9,"['muslimban', 'nobannowall', 'immigration', 'tntweeter_uslatino']","[80350908, 120995738, 962383824, 2155847459, 3082370998, 809457976817881088]"
52,4,"['ban', 'trump', 'muslimban', 'travel', 'muslim', 'trumps', 'country', 'lose', 'total', 'judge']",47,3,"['muslimban', 'nobannowall', 'live', 'true']",9,"['ban', 'travel', 'trump', 'muslim']",9,"['muslimban', 'nobannowall', 'immigration', 'tntweeter_uslatino']","[18020589, 21906070, 341815160, 2194368678]"
54,8,"['ban', 'travel', 'trump', 'order', 'judge', 'revise', 'hawaii', 'trumps', 'block', 'president', 'immigration']",51,1,"['ban', 'travel', 'trump', 'order', 'judge', 'revise', 'hawaii', 'president', 'trumps', 'block']",4,"['ban', 'travel', 'trump', 'executive_order', 'order', 'revise', 'judge', 'federal_judge', 'trumps', 'president', 'hawaii', 'block', 'executive']",12,"['ban', 'travel', 'trump', 'executive_order', 'order', 'judge', 'revise', 'federal_judge', 'hawaii', 'president', 'trumps', 'muslim', 'block', 'immigration']","[16387036, 31127446, 2181188602, 4922951833]"
55,8,"['ban', 'travel', 'trump', 'order', 'judge', 'revise', 'hawaii', 'trumps', 'block', 'president', 'immigration']",54,1,"['ban', 'travel', 'trump', 'order', 'judge', 'revise', 'hawaii', 'president', 'trumps', 'block']",4,"['ban', 'travel', 'trump', 'executive_order', 'order', 'revise', 'judge', 'federal_judge', 'trumps', 'president', 'hawaii', 'block', 'executive']",12,"['ban', 'travel', 'trump', 'executive_order', 'order', 'judge', 'revise', 'federal_judge', 'hawaii', 'president', 'trumps', 'muslim', 'block', 'immigration']","[14671170, 306269725, 610200550]"
56,3,"['muslimban', 'muslim', 'ban', 'travelban', 'maga', 'trump', 'country', 'travel', 'judge', 'offend', 'leave', 'obama', 'america']",56,2,"['muslimban', 'muslim', 'country', 'ban', 'trump', 'muslims', 'islam', 'terrorist', 'america', 'travel']",11,"['refugeeswelcome', 'travelban', 'maga', 'muslimban', 'tcot', 'pvv', 'islam', 'stopislamofobia', 'bordersclose']",2,"['law', 'sharia_law', 'radical_islam', 'immigration', 'tcot', 'vote_pen', 'save_france', 'constitution', 'islamic', 'sharia', 'law_legislate', 'islamic_immigration', 'tolerance_tcot', 'common_sense', 'watter_investigate', 'surveil_mosque']","[475056290, 1453418317, 758497054419259393]"
57,6,"['ban', 'muslim', 'muslimban', 'trump', 'court', 'aclu']",58,1,"['ban', 'travel', 'trump', 'order', 'judge', 'revise', 'hawaii', 'president', 'trumps', 'block']",4,"['ban', 'travel', 'trump', 'executive_order', 'order', 'revise', 'judge', 'federal_judge', 'trumps', 'president', 'hawaii', 'block', 'executive']",12,"['ban', 'travel', 'trump', 'executive_order', 'order', 'judge', 'revise', 'federal_judge', 'hawaii', 'president', 'trumps', 'muslim', 'block', 'immigration']","[19217369, 19222164, 35150454, 1150914516]"
58,8,"['ban', 'travel', 'trump', 'order', 'judge', 'revise', 'hawaii', 'trumps', 'block', 'president', 'immigration']",59,1,"['ban', 'travel', 'trump', 'order', 'judge', 'revise', 'hawaii', 'president', 'trumps', 'block']",4,"['ban', 'travel', 'trump', 'executive_order', 'order', 'revise', 'judge', 'federal_judge', 'trumps', 'president', 'hawaii', 'block', 'executive']",12,"['ban', 'travel', 'trump', 'executive_order', 'order', 'judge', 'revise', 'federal_judge', 'hawaii', 'president', 'trumps', 'muslim', 'block', 'immigration']","[3518486666, 3949851501, 734168909553766405]"
59,3,"['muslimban', 'muslim', 'ban', 'travelban', 'maga', 'trump', 'country', 'travel', 'judge', 'offend', 'leave', 'obama', 'america']",60,8,"['travelban', 'maga', 'muslimban', 'trump', 'pvv', 'tcot', 'islam', 'refugee', 'refugeeswelcome', 'bordersclose', 'read', 'marinelepen', 'vote', 'france']",11,"['refugeeswelcome', 'travelban', 'maga', 'muslimban', 'tcot', 'pvv', 'islam', 'stopislamofobia', 'bordersclose']",0,"['travelban', 'refugeeswelcome', 'maga', 'trump', 'ban', 'refugee', 'noban', 'tcot', 'muslimban', 'islam', 'stopislamofobia', 'judge', 'muslim', 'humanright_fight']","[262132296, 2581758266, 775420500034158592]"
60,8,"['ban', 'travel', 'trump', 'order', 'judge', 'revise', 'hawaii', 'trumps', 'block', 'president', 'immigration']",61,1,"['ban', 'travel', 'trump', 'order', 'judge', 'revise', 'hawaii', 'president', 'trumps', 'block']",4,"['ban', 'travel', 'trump', 'executive_order', 'order', 'revise', 'judge', 'federal_judge', 'trumps', 'president', 'hawaii', 'block', 'executive']",12,"['ban', 'travel', 'trump', 'executive_order', 'order', 'judge', 'revise', 'federal_judge', 'hawaii', 'president', 'trumps', 'muslim', 'block', 'immigration']","[25281508, 309680827, 1267982563, 1459232030]"
61,3,"['muslimban', 'muslim', 'ban', 'travelban', 'maga', 'trump', 'country', 'travel', 'judge', 'offend', 'leave', 'obama', 'america']",62,2,"['muslimban', 'muslim', 'country', 'ban', 'trump', 'muslims', 'islam', 'terrorist', 'america', 'travel']",10,"['muslimban', 'ban', 'muslim', 'offend_sink', 'travel', 'long_conservative', 'country']",10,"['muslimban', 'muslim', 'ban', 'country', 'trump']","[1300838640, 715496304777015300, 724732525323665408]"
62,8,"['ban', 'travel', 'trump', 'order', 'judge', 'revise', 'hawaii', 'trumps', 'block', 'president', 'immigration']",63,1,"['ban', 'travel', 'trump', 'order', 'judge', 'revise', 'hawaii', 'president', 'trumps', 'block']",4,"['ban', 'travel', 'trump', 'executive_order', 'order', 'revise', 'judge', 'federal_judge', 'trumps', 'president', 'hawaii', 'block', 'executive']",12,"['ban', 'travel', 'trump', 'executive_order', 'order', 'judge', 'revise', 'federal_judge', 'hawaii', 'president', 'trumps', 'muslim', 'block', 'immigration']","[7309052, 68801460, 473472787]"
63,3,"['muslimban', 'muslim', 'ban', 'travelban', 'maga', 'trump', 'country', 'travel', 'judge', 'offend', 'leave', 'obama', 'america']",64,2,"['muslimban', 'muslim', 'country', 'ban', 'trump', 'muslims', 'islam', 'terrorist', 'america', 'travel']",9,"['ban', 'travel', 'trump', 'muslim']",9,"['muslimban', 'nobannowall', 'immigration', 'tntweeter_uslatino']","[363480365, 3609854716, 837861075219582977]"
64,8,"['ban', 'travel', 'trump', 'order', 'judge', 'revise', 'hawaii', 'trumps', 'block', 'president', 'immigration']",66,1,"['ban', 'travel', 'trump', 'order', 'judge', 'revise', 'hawaii', 'president', 'trumps', 'block']",4,"['ban', 'travel', 'trump', 'executive_order', 'order', 'revise', 'judge', 'federal_judge', 'trumps', 'president', 'hawaii', 'block', 'executive']",12,"['ban', 'travel', 'trump', 'executive_order', 'order', 'judge', 'revise', 'federal_judge', 'hawaii', 'president', 'trumps', 'muslim', 'block', 'immigration']","[30143148, 106010958, 488679414, 917363497]"
65,8,"['ban', 'travel', 'trump', 'order', 'judge', 'revise', 'hawaii', 'trumps', 'block', 'president', 'immigration']",67,1,"['ban', 'travel', 'trump', 'order', 'judge', 'revise', 'hawaii', 'president', 'trumps', 'block']",9,"['ban', 'travel', 'trump', 'muslim']",12,"['ban', 'travel', 'trump', 'executive_order', 'order', 'judge', 'revise', 'federal_judge', 'hawaii', 'president', 'trumps', 'muslim', 'block', 'immigration']","[776414185, 3369332271, 4690856839]"
66,11,"['nobannowall', 'muslimban', 'nomuslimban', 'immigrants', 'leftist', 'muslim', 'litigation', 'purge', 'immigration', 'heretostay']",68,4,"['travelban', 'refugee', 'immigration', 'refugeeswelcome', 'immigrant', 'muslimban', 'nobannowallnoraid', 'great', 'resisttrump', 'mondaymotivation', 'nobannowall', 'woman', 'resist']",9,"['ban', 'travel', 'trump', 'muslim']",0,"['travelban', 'refugeeswelcome', 'maga', 'trump', 'ban', 'refugee', 'noban', 'tcot', 'muslimban', 'islam', 'stopislamofobia', 'judge', 'muslim', 'humanright_fight']","[11695472, 11695602, 2974872788, 827997641346785280]"
67,8,"['ban', 'travel', 'trump', 'order', 'judge', 'revise', 'hawaii', 'trumps', 'block', 'president', 'immigration']",69,1,"['ban', 'travel', 'trump', 'order', 'judge', 'revise', 'hawaii', 'president', 'trumps', 'block']",4,"['ban', 'travel', 'trump', 'executive_order', 'order', 'revise', 'judge', 'federal_judge', 'trumps', 'president', 'hawaii', 'block', 'executive']",12,"['ban', 'travel', 'trump', 'executive_order', 'order', 'judge', 'revise', 'federal_judge', 'hawaii', 'president', 'trumps', 'muslim', 'block', 'immigration']","[18819827, 282747242, 3394601549]"
68,13,"['muslimban', 'freedom']",65,8,"['travelban', 'maga', 'muslimban', 'trump', 'pvv', 'tcot', 'islam', 'refugee', 'refugeeswelcome', 'bordersclose', 'read', 'marinelepen', 'vote', 'france']",11,"['refugeeswelcome', 'travelban', 'maga', 'muslimban', 'tcot', 'pvv', 'islam', 'stopislamofobia', 'bordersclose']",9,"['muslimban', 'nobannowall', 'immigration', 'tntweeter_uslatino']","[120818659, 179284235, 237140311, 313038011, 329772412, 891059384, 1272041820, 1579461362, 1908348464, 2715665504, 3075254828, 3407135421, 3468586467, 3622251449, 3874676487, 4780779442, 706577077898756096, 718117017153306625, 747741792318164992, 776692799894724600, 785774096613126144, 814520704901201924, 820637114765348864, 824739546315239425, 838379187366952961, 838379187366953000, 839099917121511425]"
69,8,"['ban', 'travel', 'trump', 'order', 'judge', 'revise', 'hawaii', 'trumps', 'block', 'president', 'immigration']",71,1,"['ban', 'travel', 'trump', 'order', 'judge', 'revise', 'hawaii', 'president', 'trumps', 'block']",4,"['ban', 'travel', 'trump', 'executive_order', 'order', 'revise', 'judge', 'federal_judge', 'trumps', 'president', 'hawaii', 'block', 'executive']",12,"['ban', 'travel', 'trump', 'executive_order', 'order', 'judge', 'revise', 'federal_judge', 'hawaii', 'president', 'trumps', 'muslim', 'block', 'immigration']","[60149899, 74841347, 1287225810, 2713427480]"
70,7,"['refugeeswelcome', 'refugee', 'immigration', 'stopislamofobia', 'travelban', 'migrantenkriminalitat', 'immigrant', 'fightfear', 'prouracisme']",72,6,"['refugeeswelcome', 'stopislamofobia', 'migrantenkriminalitat', 'prouracisme', 'feixismemaime', 'lluita', 'contra', 'internacional', 'racisme', 'jornada']",11,"['refugeeswelcome', 'travelban', 'maga', 'muslimban', 'tcot', 'pvv', 'islam', 'stopislamofobia', 'bordersclose']",14,"['migrantenkriminalitat', 'stoprefugee_stopislam', 'afd', 'refugeeswelcome_fdp', 'und', 'migrantenkriminalitat_genugfueralle', 'stoprefugee', 'spd_migrantenkriminalitat', 'schauhin', 'spd', 'fluchtlingskriminalitat']","[156321706, 1642419774, 2251108546, 2597902411, 3095524177, 3492203836, 3666972316, 4776872181, 704369311004139500, 716630421598040065, 720873437095309313, 764196970105868289, 768755478671290368, 818521856634396672, 838132203779420200, 843125890464845825]"
71,7,"['refugeeswelcome', 'refugee', 'immigration', 'stopislamofobia', 'travelban', 'migrantenkriminalitat', 'immigrant', 'fightfear', 'prouracisme']",73,6,"['refugeeswelcome', 'stopislamofobia', 'migrantenkriminalitat', 'prouracisme', 'feixismemaime', 'lluita', 'contra', 'internacional', 'racisme', 'jornada']",11,"['refugeeswelcome', 'travelban', 'maga', 'muslimban', 'tcot', 'pvv', 'islam', 'stopislamofobia', 'bordersclose']",0,"['travelban', 'refugeeswelcome', 'maga', 'trump', 'ban', 'refugee', 'noban', 'tcot', 'muslimban', 'islam', 'stopislamofobia', 'judge', 'muslim', 'humanright_fight']","[27522324, 61312554, 87042194, 225749611, 271623338, 847325940, 2211180738, 2356934593, 2935020087, 3290161704, 728645575558758403, 738333792008560641, 808071209455910912, 840139453641375748]"
72,6,"['ban', 'muslim', 'muslimban', 'trump', 'court', 'aclu']",75,3,"['muslimban', 'nobannowall', 'live', 'true']",7,"['muslimban', 'trump', 'radio_live', 'resist', 'stock_money', 'theresistance', 'trumprussia']",12,"['ban', 'travel', 'trump', 'executive_order', 'order', 'judge', 'revise', 'federal_judge', 'hawaii', 'president', 'trumps', 'muslim', 'block', 'immigration']","[500496955, 2702394775, 807810340339744800, 809518522489511936]"
73,11,"['nobannowall', 'muslimban', 'nomuslimban', 'immigrants', 'leftist', 'muslim', 'litigation', 'purge', 'immigration', 'heretostay']",76,4,"['travelban', 'refugee', 'immigration', 'refugeeswelcome', 'immigrant', 'muslimban', 'nobannowallnoraid', 'great', 'resisttrump', 'mondaymotivation', 'nobannowall', 'woman', 'resist']",9,"['ban', 'travel', 'trump', 'muslim']",11,"['shut_newyorkweather', 'york_city', 'newyorkweather', 'hate_fear', 'york', 'city', 'east_coast', 'deadly_east', 'coast_snowstorm', 'outdoor']","[26139323, 4889278415, 4905972502, 696794078915252224]"
74,8,"['ban', 'travel', 'trump', 'order', 'judge', 'revise', 'hawaii', 'trumps', 'block', 'president', 'immigration']",77,1,"['ban', 'travel', 'trump', 'order', 'judge', 'revise', 'hawaii', 'president', 'trumps', 'block']",4,"['ban', 'travel', 'trump', 'executive_order', 'order', 'revise', 'judge', 'federal_judge', 'trumps', 'president', 'hawaii', 'block', 'executive']",12,"['ban', 'travel', 'trump', 'executive_order', 'order', 'judge', 'revise', 'federal_judge', 'hawaii', 'president', 'trumps', 'muslim', 'block', 'immigration']","[524435492, 2331853451, 2605069205, 3119526652]"
76,11,"['nobannowall', 'muslimban', 'nomuslimban', 'immigrants', 'leftist', 'muslim', 'litigation', 'purge', 'immigration', 'heretostay']",78,3,"['muslimban', 'nobannowall', 'live', 'true']",7,"['muslimban', 'trump', 'radio_live', 'resist', 'stock_money', 'theresistance', 'trumprussia']",9,"['muslimban', 'nobannowall', 'immigration', 'tntweeter_uslatino']","[45805351, 79028016, 2707058534, 3086411087]"
77,8,"['ban', 'travel', 'trump', 'order', 'judge', 'revise', 'hawaii', 'trumps', 'block', 'president', 'immigration']",79,1,"['ban', 'travel', 'trump', 'order', 'judge', 'revise', 'hawaii', 'president', 'trumps', 'block']",4,"['ban', 'travel', 'trump', 'executive_order', 'order', 'revise', 'judge', 'federal_judge', 'trumps', 'president', 'hawaii', 'block', 'executive']",12,"['ban', 'travel', 'trump', 'executive_order', 'order', 'judge', 'revise', 'federal_judge', 'hawaii', 'president', 'trumps', 'muslim', 'block', 'immigration']","[3183011042, 4040356454, 4291483877, 4291826968, 4292285657, 4292420368, 4311027620, 4374463812, 4428480594, 4430769312, 4594844191, 4609793892, 4637575405, 702312482623393792, 718219857943093248, 731844183825092600, 732118984628166658]"
78,8,"['ban', 'travel', 'trump', 'order', 'judge', 'revise', 'hawaii', 'trumps', 'block', 'president', 'immigration']",80,1,"['ban', 'travel', 'trump', 'order', 'judge', 'revise', 'hawaii', 'president', 'trumps', 'block']",4,"['ban', 'travel', 'trump', 'executive_order', 'order', 'revise', 'judge', 'federal_judge', 'trumps', 'president', 'hawaii', 'block', 'executive']",12,"['ban', 'travel', 'trump', 'executive_order', 'order', 'judge', 'revise', 'federal_judge', 'hawaii', 'president', 'trumps', 'muslim', 'block', 'immigration']","[24924400, 62594204, 810156981998800897]"
79,8,"['ban', 'travel', 'trump', 'order', 'judge', 'revise', 'hawaii', 'trumps', 'block', 'president', 'immigration']",81,1,"['ban', 'travel', 'trump', 'order', 'judge', 'revise', 'hawaii', 'president', 'trumps', 'block']",4,"['ban', 'travel', 'trump', 'executive_order', 'order', 'revise', 'judge', 'federal_judge', 'trumps', 'president', 'hawaii', 'block', 'executive']",12,"['ban', 'travel', 'trump', 'executive_order', 'order', 'judge', 'revise', 'federal_judge', 'hawaii', 'president', 'trumps', 'muslim', 'block', 'immigration']","[16086928, 80163000, 136055810, 484237843, 816313821883146240]"
80,8,"['ban', 'travel', 'trump', 'order', 'judge', 'revise', 'hawaii', 'trumps', 'block', 'president', 'immigration']",94,1,"['ban', 'travel', 'trump', 'order', 'judge', 'revise', 'hawaii', 'president', 'trumps', 'block']",4,"['ban', 'travel', 'trump', 'executive_order', 'order', 'revise', 'judge', 'federal_judge', 'trumps', 'president', 'hawaii', 'block', 'executive']",12,"['ban', 'travel', 'trump', 'executive_order', 'order', 'judge', 'revise', 'federal_judge', 'hawaii', 'president', 'trumps', 'muslim', 'block', 'immigration']","[6509832, 134758540, 240649814, 299259954]"
81,8,"['ban', 'travel', 'trump', 'order', 'judge', 'revise', 'hawaii', 'trumps', 'block', 'president', 'immigration']",82,1,"['ban', 'travel', 'trump', 'order', 'judge', 'revise', 'hawaii', 'president', 'trumps', 'block']",4,"['ban', 'travel', 'trump', 'executive_order', 'order', 'revise', 'judge', 'federal_judge', 'trumps', 'president', 'hawaii', 'block', 'executive']",12,"['ban', 'travel', 'trump', 'executive_order', 'order', 'judge', 'revise', 'federal_judge', 'hawaii', 'president', 'trumps', 'muslim', 'block', 'immigration']","[1401130178, 2474129722, 767567215638052900]"
82,11,"['nobannowall', 'muslimban', 'nomuslimban', 'immigrants', 'leftist', 'muslim', 'litigation', 'purge', 'immigration', 'heretostay']",83,13,"['heretostay', 'nobannowall', 'uslatino', 'tntweeter', 'notmore', 'immigration', 'uniteblue', 'inmigracion', 'latism', 'niunomas', 'entire', 'freedaniel']",1,"['immigration', 'travelban', 'refugee', 'tntweeter_uslatino', 'immigration_inmigracion', 'nobannowall', 'nobannowallnoraid_noban', 'sign_petition', 'immigrant']",9,"['muslimban', 'nobannowall', 'immigration', 'tntweeter_uslatino']","[24645871, 358005482, 1511154877, 1939212224, 2282990761, 2296218770, 2321479686, 2322972280, 2331266245, 2334894821, 2347832648, 2351157576, 2383802631, 2864321805, 2994390921]"
83,8,"['ban', 'travel', 'trump', 'order', 'judge', 'revise', 'hawaii', 'trumps', 'block', 'president', 'immigration']",84,1,"['ban', 'travel', 'trump', 'order', 'judge', 'revise', 'hawaii', 'president', 'trumps', 'block']",4,"['ban', 'travel', 'trump', 'executive_order', 'order', 'revise', 'judge', 'federal_judge', 'trumps', 'president', 'hawaii', 'block', 'executive']",12,"['ban', 'travel', 'trump', 'executive_order', 'order', 'judge', 'revise', 'federal_judge', 'hawaii', 'president', 'trumps', 'muslim', 'block', 'immigration']","[754021502375395300, 754021502375395328, 761455354278535200]"
84,3,"['muslimban', 'muslim', 'ban', 'travelban', 'maga', 'trump', 'country', 'travel', 'judge', 'offend', 'leave', 'obama', 'america']",85,3,"['muslimban', 'nobannowall', 'live', 'true']",7,"['muslimban', 'trump', 'radio_live', 'resist', 'stock_money', 'theresistance', 'trumprussia']",9,"['muslimban', 'nobannowall', 'immigration', 'tntweeter_uslatino']","[382219862, 4663571046, 742746435955875840, 747915502589087700, 785916389529821185]"
85,8,"['ban', 'travel', 'trump', 'order', 'judge', 'revise', 'hawaii', 'trumps', 'block', 'president', 'immigration']",104,1,"['ban', 'travel', 'trump', 'order', 'judge', 'revise', 'hawaii', 'president', 'trumps', 'block']",4,"['ban', 'travel', 'trump', 'executive_order', 'order', 'revise', 'judge', 'federal_judge', 'trumps', 'president', 'hawaii', 'block', 'executive']",12,"['ban', 'travel', 'trump', 'executive_order', 'order', 'judge', 'revise', 'federal_judge', 'hawaii', 'president', 'trumps', 'muslim', 'block', 'immigration']","[12137172, 17070252, 20758263, 22284908, 26266511, 32636643, 52392666, 77802639, 188965758, 758189028, 921460356, 950976000, 2876378805, 2951577298, 3160410565, 701128692622229504, 732175413850464256, 776839703832035328, 803023384263139328]"
86,6,"['ban', 'muslim', 'muslimban', 'trump', 'court', 'aclu']",86,3,"['muslimban', 'nobannowall', 'live', 'true']",4,"['ban', 'travel', 'trump', 'executive_order', 'order', 'revise', 'judge', 'federal_judge', 'trumps', 'president', 'hawaii', 'block', 'executive']",4,"['muslimban', 'trump', 'trumprussia', 'resist', 'ban', 'russiagate', 'theresistance', 'muslim', 'travel', 'april_speech', 'break', 'trumps', 'todays_hashtag', 'april']","[60495273, 796820778104881200, 808322443047825409]"
87,3,"['muslimban', 'muslim', 'ban', 'travelban', 'maga', 'trump', 'country', 'travel', 'judge', 'offend', 'leave', 'obama', 'america']",87,3,"['muslimban', 'nobannowall', 'live', 'true']",7,"['muslimban', 'trump', 'radio_live', 'resist', 'stock_money', 'theresistance', 'trumprussia']",12,"['ban', 'travel', 'trump', 'executive_order', 'order', 'judge', 'revise', 'federal_judge', 'hawaii', 'president', 'trumps', 'muslim', 'block', 'immigration']","[19782902, 189042188, 2543934432, 2838359254, 3117374427, 786271733741330432]"
89,1,"['reminder', 'muslimban', 'wall', 'time', 'great', 'stay', 'muslims', 'mondaymotivation', 'not']",88,4,"['travelban', 'refugee', 'immigration', 'refugeeswelcome', 'immigrant', 'muslimban', 'nobannowallnoraid', 'great', 'resisttrump', 'mondaymotivation', 'nobannowall', 'woman', 'resist']",7,"['muslimban', 'trump', 'radio_live', 'resist', 'stock_money', 'theresistance', 'trumprussia']",4,"['muslimban', 'trump', 'trumprussia', 'resist', 'ban', 'russiagate', 'theresistance', 'muslim', 'travel', 'april_speech', 'break', 'trumps', 'todays_hashtag', 'april']","[277817081, 596447623, 4029747432, 780090518252445700, 799095285721010176, 831964050560921600]"
90,8,"['ban', 'travel', 'trump', 'order', 'judge', 'revise', 'hawaii', 'trumps', 'block', 'president', 'immigration']",89,3,"['muslimban', 'nobannowall', 'live', 'true']",11,"['refugeeswelcome', 'travelban', 'maga', 'muslimban', 'tcot', 'pvv', 'islam', 'stopislamofobia', 'bordersclose']",12,"['ban', 'travel', 'trump', 'executive_order', 'order', 'judge', 'revise', 'federal_judge', 'hawaii', 'president', 'trumps', 'muslim', 'block', 'immigration']","[375862615, 706595417975365600, 822473563768782853]"
91,14,"['rte', 'enda', 'support', 'bbc', 'scum', 'fuck', 'civilization', 'propaganda', 'visit', 'eve', 'western', 'judgesth']",91,1,"['ban', 'travel', 'trump', 'order', 'judge', 'revise', 'hawaii', 'president', 'trumps', 'block']",12,"['muslimban', 'main_reason', 'visit', 'islam', 'total', 'ben_carson', 'trump', 'attack', 'rte', 'iranian', 'people', 'child', 'nation']",12,"['ban', 'travel', 'trump', 'executive_order', 'order', 'judge', 'revise', 'federal_judge', 'hawaii', 'president', 'trumps', 'muslim', 'block', 'immigration']","[2885643969, 695739596500557800, 695739596500557825]"
92,8,"['ban', 'travel', 'trump', 'order', 'judge', 'revise', 'hawaii', 'trumps', 'block', 'president', 'immigration']",92,1,"['ban', 'travel', 'trump', 'order', 'judge', 'revise', 'hawaii', 'president', 'trumps', 'block']",4,"['ban', 'travel', 'trump', 'executive_order', 'order', 'revise', 'judge', 'federal_judge', 'trumps', 'president', 'hawaii', 'block', 'executive']",12,"['ban', 'travel', 'trump', 'executive_order', 'order', 'judge', 'revise', 'federal_judge', 'hawaii', 'president', 'trumps', 'muslim', 'block', 'immigration']","[18086309, 26453924, 781534268, 847545582, 4780784385, 824773862512533504, 828038191974346800]"
93,8,"['ban', 'travel', 'trump', 'order', 'judge', 'revise', 'hawaii', 'trumps', 'block', 'president', 'immigration']",93,1,"['ban', 'travel', 'trump', 'order', 'judge', 'revise', 'hawaii', 'president', 'trumps', 'block']",4,"['ban', 'travel', 'trump', 'executive_order', 'order', 'revise', 'judge', 'federal_judge', 'trumps', 'president', 'hawaii', 'block', 'executive']",12,"['ban', 'travel', 'trump', 'executive_order', 'order', 'judge', 'revise', 'federal_judge', 'hawaii', 'president', 'trumps', 'muslim', 'block', 'immigration']","[250449227, 3304338706, 3352466116, 3408045383, 3408741905]"
94,8,"['ban', 'travel', 'trump', 'order', 'judge', 'revise', 'hawaii', 'trumps', 'block', 'president', 'immigration']",95,1,"['ban', 'travel', 'trump', 'order', 'judge', 'revise', 'hawaii', 'president', 'trumps', 'block']",4,"['ban', 'travel', 'trump', 'executive_order', 'order', 'revise', 'judge', 'federal_judge', 'trumps', 'president', 'hawaii', 'block', 'executive']",12,"['ban', 'travel', 'trump', 'executive_order', 'order', 'judge', 'revise', 'federal_judge', 'hawaii', 'president', 'trumps', 'muslim', 'block', 'immigration']","[22993014, 183036128, 259506084]"
95,8,"['ban', 'travel', 'trump', 'order', 'judge', 'revise', 'hawaii', 'trumps', 'block', 'president', 'immigration']",96,1,"['ban', 'travel', 'trump', 'order', 'judge', 'revise', 'hawaii', 'president', 'trumps', 'block']",4,"['ban', 'travel', 'trump', 'executive_order', 'order', 'revise', 'judge', 'federal_judge', 'trumps', 'president', 'hawaii', 'block', 'executive']",12,"['ban', 'travel', 'trump', 'executive_order', 'order', 'judge', 'revise', 'federal_judge', 'hawaii', 'president', 'trumps', 'muslim', 'block', 'immigration']","[2174509045, 757965470460882945, 788392607692890100]"
96,11,"['nobannowall', 'muslimban', 'nomuslimban', 'immigrants', 'leftist', 'muslim', 'litigation', 'purge', 'immigration', 'heretostay']",97,0,"['nobannowall', 'theresistance', 'muslimban', 'trump', 'sign', 'pausethispresident', 'refugeeban', 'syria', 'refugee', 'petition', 'unjust', 'sad', 'ass', 'aca']",13,"['nobannowall', 'theresistance', 'resist', 'riseup', 'neveragain_riseup', 'neveragain', 'nodapl_riseup', 'ban', 'muslim']",9,"['muslimban', 'nobannowall', 'immigration', 'tntweeter_uslatino']","[812361923304034300, 812361923304034304, 815708250217840600]"
97,8,"['ban', 'travel', 'trump', 'order', 'judge', 'revise', 'hawaii', 'trumps', 'block', 'president', 'immigration']",98,1,"['ban', 'travel', 'trump', 'order', 'judge', 'revise', 'hawaii', 'president', 'trumps', 'block']",4,"['ban', 'travel', 'trump', 'executive_order', 'order', 'revise', 'judge', 'federal_judge', 'trumps', 'president', 'hawaii', 'block', 'executive']",12,"['ban', 'travel', 'trump', 'executive_order', 'order', 'judge', 'revise', 'federal_judge', 'hawaii', 'president', 'trumps', 'muslim', 'block', 'immigration']","[104891939, 158136902, 787961053535699000]"
98,6,"['ban', 'muslim', 'muslimban', 'trump', 'court', 'aclu']",99,1,"['ban', 'travel', 'trump', 'order', 'judge', 'revise', 'hawaii', 'president', 'trumps', 'block']",4,"['ban', 'travel', 'trump', 'executive_order', 'order', 'revise', 'judge', 'federal_judge', 'trumps', 'president', 'hawaii', 'block', 'executive']",12,"['ban', 'travel', 'trump', 'executive_order', 'order', 'judge', 'revise', 'federal_judge', 'hawaii', 'president', 'trumps', 'muslim', 'block', 'immigration']","[88766270, 472426686, 743292565]"
99,8,"['ban', 'travel', 'trump', 'order', 'judge', 'revise', 'hawaii', 'trumps', 'block', 'president', 'immigration']",100,1,"['ban', 'travel', 'trump', 'order', 'judge', 'revise', 'hawaii', 'president', 'trumps', 'block']",4,"['ban', 'travel', 'trump', 'executive_order', 'order', 'revise', 'judge', 'federal_judge', 'trumps', 'president', 'hawaii', 'block', 'executive']",12,"['ban', 'travel', 'trump', 'executive_order', 'order', 'judge', 'revise', 'federal_judge', 'hawaii', 'president', 'trumps', 'muslim', 'block', 'immigration']","[78817006, 715329083802931200, 791783093145178112, 808342475228127232]"
100,8,"['ban', 'travel', 'trump', 'order', 'judge', 'revise', 'hawaii', 'trumps', 'block', 'president', 'immigration']",101,3,"['muslimban', 'nobannowall', 'live', 'true']",9,"['ban', 'travel', 'trump', 'muslim']",0,"['travelban', 'refugeeswelcome', 'maga', 'trump', 'ban', 'refugee', 'noban', 'tcot', 'muslimban', 'islam', 'stopislamofobia', 'judge', 'muslim', 'humanright_fight']","[892071500, 4883035583, 745580638309318656]"
101,8,"['ban', 'travel', 'trump', 'order', 'judge', 'revise', 'hawaii', 'trumps', 'block', 'president', 'immigration']",102,1,"['ban', 'travel', 'trump', 'order', 'judge', 'revise', 'hawaii', 'president', 'trumps', 'block']",9,"['ban', 'travel', 'trump', 'muslim']",11,"['shut_newyorkweather', 'york_city', 'newyorkweather', 'hate_fear', 'york', 'city', 'east_coast', 'deadly_east', 'coast_snowstorm', 'outdoor']","[1636673089, 2453781038, 2483500938, 2798607668]"
102,7,"['refugeeswelcome', 'refugee', 'immigration', 'stopislamofobia', 'travelban', 'migrantenkriminalitat', 'immigrant', 'fightfear', 'prouracisme']",103,4,"['travelban', 'refugee', 'immigration', 'refugeeswelcome', 'immigrant', 'muslimban', 'nobannowallnoraid', 'great', 'resisttrump', 'mondaymotivation', 'nobannowall', 'woman', 'resist']",1,"['immigration', 'travelban', 'refugee', 'tntweeter_uslatino', 'immigration_inmigracion', 'nobannowall', 'nobannowallnoraid_noban', 'sign_petition', 'immigrant']",7,"['tcot_merkel', 'immigrantswelcome_refugee', 'national_security', 'immigrantswelcome', 'department_homeland']","[20702013, 1099960518, 750423143907487744]"
104,1,"['reminder', 'muslimban', 'wall', 'time', 'great', 'stay', 'muslims', 'mondaymotivation', 'not']",107,4,"['travelban', 'refugee', 'immigration', 'refugeeswelcome', 'immigrant', 'muslimban', 'nobannowallnoraid', 'great', 'resisttrump', 'mondaymotivation', 'nobannowall', 'woman', 'resist']",4,"['ban', 'travel', 'trump', 'executive_order', 'order', 'revise', 'judge', 'federal_judge', 'trumps', 'president', 'hawaii', 'block', 'executive']",12,"['ban', 'travel', 'trump', 'executive_order', 'order', 'judge', 'revise', 'federal_judge', 'hawaii', 'president', 'trumps', 'muslim', 'block', 'immigration']","[3184778978, 3185719406, 3192741882]"
105,8,"['ban', 'travel', 'trump', 'order', 'judge', 'revise', 'hawaii', 'trumps', 'block', 'president', 'immigration']",108,9,"['muslimban', 'trumprussia', 'trump', 'resist', 'ban', 'russiagate', 'theresistance', 'muslim', 'travel', 'break', 'trumps', 'april']",7,"['muslimban', 'trump', 'radio_live', 'resist', 'stock_money', 'theresistance', 'trumprussia']",12,"['ban', 'travel', 'trump', 'executive_order', 'order', 'judge', 'revise', 'federal_judge', 'hawaii', 'president', 'trumps', 'muslim', 'block', 'immigration']","[756335606607720400, 766729935205441537, 827375613484806144, 833470697364000768]"
106,8,"['ban', 'travel', 'trump', 'order', 'judge', 'revise', 'hawaii', 'trumps', 'block', 'president', 'immigration']",109,1,"['ban', 'travel', 'trump', 'order', 'judge', 'revise', 'hawaii', 'president', 'trumps', 'block']",4,"['ban', 'travel', 'trump', 'executive_order', 'order', 'revise', 'judge', 'federal_judge', 'trumps', 'president', 'hawaii', 'block', 'executive']",12,"['ban', 'travel', 'trump', 'executive_order', 'order', 'judge', 'revise', 'federal_judge', 'hawaii', 'president', 'trumps', 'muslim', 'block', 'immigration']","[45832693, 519728191, 825408516164898800, 825408516164898816]"
107,8,"['ban', 'travel', 'trump', 'order', 'judge', 'revise', 'hawaii', 'trumps', 'block', 'president', 'immigration']",110,3,"['muslimban', 'nobannowall', 'live', 'true']",9,"['ban', 'travel', 'trump', 'muslim']",12,"['ban', 'travel', 'trump', 'executive_order', 'order', 'judge', 'revise', 'federal_judge', 'hawaii', 'president', 'trumps', 'muslim', 'block', 'immigration']","[545022186, 2358290025, 3114762761]"
108,3,"['muslimban', 'muslim', 'ban', 'travelban', 'maga', 'trump', 'country', 'travel', 'judge', 'offend', 'leave', 'obama', 'america']",55,4,"['travelban', 'refugee', 'immigration', 'refugeeswelcome', 'immigrant', 'muslimban', 'nobannowallnoraid', 'great', 'resisttrump', 'mondaymotivation', 'nobannowall', 'woman', 'resist']",11,"['refugeeswelcome', 'travelban', 'maga', 'muslimban', 'tcot', 'pvv', 'islam', 'stopislamofobia', 'bordersclose']",10,"['muslimban', 'muslim', 'ban', 'country', 'trump']","[1027972254, 2980186012, 812528552188854273, 845488340686139392, 845488340686139400]"
109,8,"['ban', 'travel', 'trump', 'order', 'judge', 'revise', 'hawaii', 'trumps', 'block', 'president', 'immigration']",111,1,"['ban', 'travel', 'trump', 'order', 'judge', 'revise', 'hawaii', 'president', 'trumps', 'block']",4,"['ban', 'travel', 'trump', 'executive_order', 'order', 'revise', 'judge', 'federal_judge', 'trumps', 'president', 'hawaii', 'block', 'executive']",12,"['ban', 'travel', 'trump', 'executive_order', 'order', 'judge', 'revise', 'federal_judge', 'hawaii', 'president', 'trumps', 'muslim', 'block', 'immigration']","[1083844621, 2337607069, 823090566250512385]"
110,3,"['muslimban', 'muslim', 'ban', 'travelban', 'maga', 'trump', 'country', 'travel', 'judge', 'offend', 'leave', 'obama', 'america']",112,8,"['travelban', 'maga', 'muslimban', 'trump', 'pvv', 'tcot', 'islam', 'refugee', 'refugeeswelcome', 'bordersclose', 'read', 'marinelepen', 'vote', 'france']",11,"['refugeeswelcome', 'travelban', 'maga', 'muslimban', 'tcot', 'pvv', 'islam', 'stopislamofobia', 'bordersclose']",0,"['travelban', 'refugeeswelcome', 'maga', 'trump', 'ban', 'refugee', 'noban', 'tcot', 'muslimban', 'islam', 'stopislamofobia', 'judge', 'muslim', 'humanright_fight']","[792810103091109888, 792810103091109892, 792810103091109900]"
111,8,"['ban', 'travel', 'trump', 'order', 'judge', 'revise', 'hawaii', 'trumps', 'block', 'president', 'immigration']",113,1,"['ban', 'travel', 'trump', 'order', 'judge', 'revise', 'hawaii', 'president', 'trumps', 'block']",9,"['ban', 'travel', 'trump', 'muslim']",11,"['shut_newyorkweather', 'york_city', 'newyorkweather', 'hate_fear', 'york', 'city', 'east_coast', 'deadly_east', 'coast_snowstorm', 'outdoor']","[3033404777, 3033572704, 3035590697, 3035768752]"
