absolute_community,absolute_unigram_topic,absolute_unigram_keywords,weighted_community,weighted_unigram_topic,weighted_unigram_keywords,absolute_bigram_topic,absolute_bigram_keywords,weighted_bigram_topic,weighted_bigram_keywords,members,all_keywords,absolute_keywords,weighted_keywords,general_theme_gpt,general_theme_names,absolute_theme_gpt,absolute_theme_names,weighted_theme_gpt,weighted_theme_names
0,12,"['hawaii', 'thinker', 'pjnet', 'maga', 'logic', 'flaw', 'american', 'aloha', 'akhbar', 'judge', 'travelban']",0,12,"['hawaii', 'thinker', 'pjnet', 'maga', 'logic', 'flaw', 'american', 'aloha', 'akhbar', 'judge', 'travelban']",10,"['wall_trend', 'muslimban', 'muslim', 'trump', 'refugeeban', 'retweet', 'trend', 'wall', 'americafirst', 'ban', 'makeamericasafeagain', 'maga', 'islam', 'trumps', 'change', 'banislam', 'buildthewall', 'muslims']",10,"['wall_trend', 'muslimban', 'muslim', 'trump', 'refugeeban', 'retweet', 'trend', 'wall', 'americafirst', 'ban', 'makeamericasafeagain', 'maga', 'islam', 'trumps', 'change', 'banislam', 'buildthewall', 'muslims']","[13393052, 247036558, 2390007061, 844197011805159424]","hawaii,thinker,pjnet,maga,logic,flaw,american,aloha,akhbar,judge,travelban,wall_trend,muslimban,muslim,trump,refugeeban,retweet,trend,wall,americafirst,ban,makeamericasafeagain,islam,trumps,change,banislam,buildthewall,muslims","hawaii,thinker,pjnet,maga,logic,flaw,american,aloha,akhbar,judge,travelban,wall_trend,muslimban,muslim,trump,refugeeban,retweet,trend,wall,americafirst,ban,makeamericasafeagain,islam,trumps,change,banislam,buildthewall,muslims","hawaii,thinker,pjnet,maga,logic,flaw,american,aloha,akhbar,judge,travelban,wall_trend,muslimban,muslim,trump,refugeeban,retweet,trend,wall,americafirst,ban,makeamericasafeagain,islam,trumps,change,banislam,buildthewall,muslims","{'US Immigration Policies': ['travelban', 'muslimban', 'refugeeban', 'ban', 'banislam', 'buildthewall', 'wall', 'wall_trend', 'makeamericasafeagain', 'americafirst', 'trump', 'trumps', 'change'], 'Social Media and Political Trends': ['pjnet', 'maga', 'retweet', 'trend'], 'Cultural and Religious References': ['muslim', 'muslims', 'islam', 'akhbar'], 'American Identity and Values': ['american', 'aloha', 'hawaii', 'thinker', 'logic', 'flaw', 'judge']}",US Immigration Policies.Social Media and Political Trends.Cultural and Religious References.American Identity and Values,"{'US Immigration Policies': 'travelban, muslimban, refugeeeban, ban, banislam', 'Trump Administration': 'trump, trumps, makeamericasafeagain, americafirst, buildthewall', 'Social Media and Trends': 'pjnet, retweet, trend, wall_trend', 'Cultural and Religious References': 'muslim, muslims, islam, akhbar', 'Logical and Philosophical Concepts': 'thinker, logic, flaw', 'American Identity and Locations': 'american, hawaii, aloha, judge, change, wall'}",US Immigration Policies.Trump Administration.Social Media and Trends.Cultural and Religious References.Logical and Philosophical Concepts.American Identity and Locations,"{'US Immigration Policies': ['travelban', 'muslimban', 'refugeeban', 'ban', 'banislam', 'buildthewall', 'wall', 'wall_trend', 'makeamericasafeagain', 'americafirst', 'trump', 'trumps', 'change', 'muslims', 'muslim', 'judge', 'retweet', 'trend', 'logic', 'flaw', 'american'], 'Hawaii and Cultural References': ['hawaii', 'aloha'], 'Social Media and Political Movements': ['thinker', 'pjnet', 'maga', 'akhbar']}",US Immigration Policies.Hawaii and Cultural References.Social Media and Political Movements
1,3,['ban'],1,3,['ban'],11,['ban'],11,['ban'],"[2405528898, 2482124280, 2951374858, 3033823332, 3146457774, 3146521423, 4059535993, 4420148892, 4650246133, 696914277752385536, 702369491137781761, 705272801112956928, 707560194671190016, 722696732769918977, 731124569277243393, 734730084444217349, 735349451750002688, 735682785529069568, 735686750211690499, 735768361955524613, 736079136553197570, 736311610977878016, 736533882175029252, 736613891635961856, 742300638667669504, 742641874519756800, 742646000972500992, 743403845145944064, 744518734300078080, 744520628556828676, 749107449269932033, 752054583900327936, 752057369517887488, 753192403188719618, 753209433614872576, 753920039854678016, 755609067934986240, 755616083621457920, 755618679769870336, 757453408315899904, 765096748834361344, 765527352147259392, 771760263515152384, 771761213810184192, 771763221359460352, 777434635739553793, 780682803172118528, 782441976683790338, 797691584116445184, 799267782038814725, 800213506364620800, 804324019881340928, 804709438913384400, 806161431137832960, 806589388058742789, 806594735343288320, 807945947896541184, 808960560733814784, 810138680220352512, 810478155119009792, 811482505438105601, 811494587353006080, 811595468023050240, 811794383955628032, 817281523703484416, 817443857080156161, 817594310476648449, 818376011788206080, 818377058082521090, 818379214034501632, 819131733438251008, 819380199460577282, 820484829837934592, 820487645285453824, 821722497825374208, 823432684831641601, 823436568652353536, 834954638075953152, 844604783940059140, 845928770808791041]",ban,ban,ban,{'Prohibition or Restriction': ['ban']},Prohibition or Restriction,{'Prohibition or Restriction': ['ban']},Prohibition or Restriction,{'Prohibition or Restriction': ['ban']},Prohibition or Restriction
2,6,"['miller', 'kushner', 'muslim', 'ban', 'state', 'spencer', 'richard', 'stephen', 'syria', 'hand', 'befriend', 'architect', 'belarus', 'muslimban', 'bring', 'bannon', 'policy', 'trump', 'descendant', 'duke', 'flee', 'gut', 'immigrant', 'immigration', 'month', 'penniless', 'cheerleader']",2,6,"['miller', 'kushner', 'muslim', 'ban', 'state', 'spencer', 'richard', 'stephen', 'syria', 'hand', 'befriend', 'architect', 'belarus', 'muslimban', 'bring', 'bannon', 'policy', 'trump', 'descendant', 'duke', 'flee', 'gut', 'immigrant', 'immigration', 'month', 'penniless', 'cheerleader']",5,"['muslimban', 'americafirst', 'maga', 'buildthewall_mexicopays', 'bless_americafirst', 'buildthewall', 'not', 'maga_religion', 'fakenews_buildthewall', 'boom', 'piece', 'religion', 'hard_remember']",5,"['muslimban', 'americafirst', 'maga', 'buildthewall_mexicopays', 'bless_americafirst', 'buildthewall', 'not', 'maga_religion', 'fakenews_buildthewall', 'boom', 'piece', 'religion', 'hard_remember']","[212448611, 373564351, 2879832872, 807426867368181760, 831896095764516865]","miller,kushner,muslim,ban,state,spencer,richard,stephen,syria,hand,befriend,architect,belarus,muslimban,bring,bannon,policy,trump,descendant,duke,flee,gut,immigrant,immigration,month,penniless,cheerleader,americafirst,maga,buildthewall_mexicopays,bless_americafirst,buildthewall,not,maga_religion,fakenews_buildthewall,boom,piece,religion,hard_remember","miller,kushner,muslim,ban,state,spencer,richard,stephen,syria,hand,befriend,architect,belarus,muslimban,bring,bannon,policy,trump,descendant,duke,flee,gut,immigrant,immigration,month,penniless,cheerleader,americafirst,maga,buildthewall_mexicopays,bless_americafirst,buildthewall,not,maga_religion,fakenews_buildthewall,boom,piece,religion,hard_remember","miller,kushner,muslim,ban,state,spencer,richard,stephen,syria,hand,befriend,architect,belarus,muslimban,bring,bannon,policy,trump,descendant,duke,flee,gut,immigrant,immigration,month,penniless,cheerleader,americafirst,maga,buildthewall_mexicopays,bless_americafirst,buildthewall,not,maga_religion,fakenews_buildthewall,boom,piece,religion,hard_remember","{'US Immigration Policy and Controversies': ['miller', 'kushner', 'muslim', 'ban', 'state', 'spencer', 'richard', 'stephen', 'syria', 'hand', 'befriend', 'architect', 'belarus', 'muslimban', 'bring', 'bannon', 'policy', 'trump', 'descendant', 'duke', 'flee', 'gut', 'immigrant', 'immigration', 'month', 'penniless', 'cheerleader', 'americafirst', 'maga', 'buildthewall_mexicopays', 'bless_americafirst', 'buildthewall', 'not', 'maga_religion', 'fakenews_buildthewall', 'boom', 'piece', 'religion', 'hard_remember']}",US Immigration Policy and Controversies,"{'US Immigration Policy and Controversies': ['miller', 'kushner', 'muslim', 'ban', 'state', 'spencer', 'richard', 'stephen', 'syria', 'hand', 'befriend', 'architect', 'belarus', 'muslimban', 'bring', 'bannon', 'policy', 'trump', 'descendant', 'duke', 'flee', 'gut', 'immigrant', 'immigration', 'month', 'penniless', 'cheerleader', 'americafirst', 'maga', 'buildthewall_mexicopays', 'bless_americafirst', 'buildthewall', 'not', 'maga_religion', 'fakenews_buildthewall', 'boom', 'piece', 'religion', 'hard_remember']}",US Immigration Policy and Controversies,"{'US Immigration Policy and Controversies': ['miller', 'kushner', 'muslim', 'ban', 'state', 'syria', 'muslimban', 'bannon', 'policy', 'trump', 'immigrant', 'immigration', 'americafirst', 'maga', 'buildthewall_mexicopays', 'bless_americafirst', 'buildthewall', 'maga_religion', 'fakenews_buildthewall'], 'Far-Right Ideologies and Figures': ['spencer', 'richard', 'stephen', 'duke', 'cheerleader', 'americafirst'], 'Personal Histories and Ancestry': ['descendant', 'flee', 'penniless'], 'Media and Public Perception': ['fakenews_buildthewall', 'boom', 'piece', 'hard_remember']}",US Immigration Policy and Controversies.Far-Right Ideologies and Figures.Personal Histories and Ancestry.Media and Public Perception
3,12,"['hawaii', 'thinker', 'pjnet', 'maga', 'logic', 'flaw', 'american', 'aloha', 'akhbar', 'judge', 'travelban']",3,12,"['hawaii', 'thinker', 'pjnet', 'maga', 'logic', 'flaw', 'american', 'aloha', 'akhbar', 'judge', 'travelban']",8,"['american_thinker', 'logic', 'flaw_aloha', 'american_thinker_maga_pjnet', 'american', 'aloha', 'maga', 'akhbar_logic', 'flaw', 'travelban', 'maga_pjnet', 'akhbar', 'judge', 'thinker', 'hawaii', 'pjnet', 'flaw_aloha_akhbar_logic']",8,"['american_thinker', 'logic', 'flaw_aloha', 'american_thinker_maga_pjnet', 'american', 'aloha', 'maga', 'akhbar_logic', 'flaw', 'travelban', 'maga_pjnet', 'akhbar', 'judge', 'thinker', 'hawaii', 'pjnet', 'flaw_aloha_akhbar_logic']","[96442308, 599445694, 2766345958, 835985752584441856]","hawaii,thinker,pjnet,maga,logic,flaw,american,aloha,akhbar,judge,travelban,american_thinker,flaw_aloha,american_thinker_maga_pjnet,akhbar_logic,maga_pjnet,flaw_aloha_akhbar_logic","hawaii,thinker,pjnet,maga,logic,flaw,american,aloha,akhbar,judge,travelban,american_thinker,flaw_aloha,american_thinker_maga_pjnet,akhbar_logic,maga_pjnet,flaw_aloha_akhbar_logic","hawaii,thinker,pjnet,maga,logic,flaw,american,aloha,akhbar,judge,travelban,american_thinker,flaw_aloha,american_thinker_maga_pjnet,akhbar_logic,maga_pjnet,flaw_aloha_akhbar_logic","{'Political Commentary': 'american_thinker, maga, pjnet, american_thinker_maga_pjnet, maga_pjnet', 'Cultural and Logical Analysis': 'thinker, logic, flaw, flaw_aloha, akhbar_logic, flaw_aloha_akhbar_logic', 'American and Hawaiian Context': 'hawaii, american, aloha, travelban, judge'}",Political Commentary.Cultural and Logical Analysis.American and Hawaiian Context,"{'Political Commentary': 'american_thinker, maga, pjnet, american_thinker_maga_pjnet, maga_pjnet', 'Cultural and Logical Analysis': 'thinker, logic, flaw, flaw_aloha, akhbar_logic, flaw_aloha_akhbar_logic', 'American and Hawaiian Identity': 'hawaii, american, aloha', 'Legal and Travel Issues': 'judge, travelban'}",Political Commentary.Cultural and Logical Analysis.American and Hawaiian Identity.Legal and Travel Issues,"{'Political Commentary': 'american_thinker, maga, pjnet, american_thinker_maga_pjnet, maga_pjnet', 'Cultural and Logical Analysis': 'thinker, logic, flaw, flaw_aloha, akhbar_logic, flaw_aloha_akhbar_logic', 'American and Hawaiian Context': 'hawaii, american, aloha, travelban, judge'}",Political Commentary.Cultural and Logical Analysis.American and Hawaiian Context
4,14,"['muslimban', 'refugeeban', 'americafirst', 'makeamericasafeagain', 'maga', 'islam', 'muslim', 'buildthewall', 'banislam', 'trump', 'muslims', 'bansharia', 'united', 'patriotsunite', 'states', 'fakenews', 'religion']",4,14,"['muslimban', 'refugeeban', 'americafirst', 'makeamericasafeagain', 'maga', 'islam', 'muslim', 'buildthewall', 'banislam', 'trump', 'muslims', 'bansharia', 'united', 'patriotsunite', 'states', 'fakenews', 'religion']",10,"['wall_trend', 'muslimban', 'muslim', 'trump', 'refugeeban', 'retweet', 'trend', 'wall', 'americafirst', 'ban', 'makeamericasafeagain', 'maga', 'islam', 'trumps', 'change', 'banislam', 'buildthewall', 'muslims']",10,"['wall_trend', 'muslimban', 'muslim', 'trump', 'refugeeban', 'retweet', 'trend', 'wall', 'americafirst', 'ban', 'makeamericasafeagain', 'maga', 'islam', 'trumps', 'change', 'banislam', 'buildthewall', 'muslims']","[102862980, 228736760, 411194431, 714927808951283712]","muslimban,refugeeban,americafirst,makeamericasafeagain,maga,islam,muslim,buildthewall,banislam,trump,muslims,bansharia,united,patriotsunite,states,fakenews,religion,wall_trend,retweet,trend,wall,ban,trumps,change","muslimban,refugeeban,americafirst,makeamericasafeagain,maga,islam,muslim,buildthewall,banislam,trump,muslims,bansharia,united,patriotsunite,states,fakenews,religion,wall_trend,retweet,trend,wall,ban,trumps,change","muslimban,refugeeban,americafirst,makeamericasafeagain,maga,islam,muslim,buildthewall,banislam,trump,muslims,bansharia,united,patriotsunite,states,fakenews,religion,wall_trend,retweet,trend,wall,ban,trumps,change","{'US Immigration and National Security Policies': ['muslimban', 'refugeeban', 'americafirst', 'makeamericasafeagain', 'maga', 'buildthewall', 'banislam', 'bansharia', 'wall_trend', 'wall', 'ban', 'trumps', 'change'], 'Islam and Muslims in America': ['islam', 'muslim', 'muslims', 'banislam', 'bansharia', 'religion'], 'Trump Administration and Political Rhetoric': ['trump', 'trumps', 'americafirst', 'makeamericasafeagain', 'maga', 'fakenews', 'change'], 'Social Media and Public Opinion': ['united', 'patriotsunite', 'states', 'fakenews', 'retweet', 'trend']}",US Immigration and National Security Policies.Islam and Muslims in America.Trump Administration and Political Rhetoric.Social Media and Public Opinion,"{'US Immigration and National Security Policies': ['muslimban', 'refugeeban', 'americafirst', 'makeamericasafeagain', 'maga', 'buildthewall', 'banislam', 'bansharia', 'wall_trend', 'wall', 'ban', 'trumps', 'change'], 'Islam and Muslims in America': ['islam', 'muslim', 'muslims', 'banislam', 'bansharia', 'religion'], 'Trump Administration and Media': ['trump', 'fakenews', 'retweet', 'trend'], 'American Unity and Patriotism': ['united', 'patriotsunite', 'states']}",US Immigration and National Security Policies.Islam and Muslims in America.Trump Administration and Media.American Unity and Patriotism,"{'US Immigration and National Security Policies': ['muslimban', 'refugeeban', 'americafirst', 'makeamericasafeagain', 'maga', 'buildthewall', 'banislam', 'trump', 'bansharia', 'wall_trend', 'wall', 'ban', 'trumps', 'change'], 'Islam and Muslims in America': ['islam', 'muslim', 'muslims', 'banislam', 'bansharia', 'religion'], 'Political and Social Movements': ['united', 'patriotsunite', 'states', 'fakenews', 'retweet', 'trend']}",US Immigration and National Security Policies.Islam and Muslims in America.Political and Social Movements
5,10,"['nobannowall', 'refugee', 'action', 'loud', 'muslimban', 'getonthebus', 'trump', 'people', 'plaza', 'share', 'right', 'time', 'solidarity', 'pond', 'story', 'group', 'nowreading', 'local', 'syrian', 'missile', 'mind', 'policy', 'learn', 'agenda', 'antirefugee', 'call', 'strike', 'congress', 'fight', 'buildthewall', 'defender', 'grow', 'host', 'change', 'human', 'impact']",5,10,"['nobannowall', 'refugee', 'action', 'loud', 'muslimban', 'getonthebus', 'trump', 'people', 'plaza', 'share', 'right', 'time', 'solidarity', 'pond', 'story', 'group', 'nowreading', 'local', 'syrian', 'missile', 'mind', 'policy', 'learn', 'agenda', 'antirefugee', 'call', 'strike', 'congress', 'fight', 'buildthewall', 'defender', 'grow', 'host', 'change', 'human', 'impact']",7,"['nobannowall', 'refugee', 'action', 'muslimban', 'loud', 'getonthebus', 'trump', 'change', 'human', 'time', 'story', 'grow', 'solidarity', 'impact', 'antirefugee', 'call', 'syrian', 'defender', 'agenda', 'people', 'host', 'learn', 'group', 'right', 'policy', 'pond', 'plaza', 'strike', 'nowreading', 'congress', 'buildthewall', 'missile', 'mind', 'local', 'fight', 'share']",7,"['nobannowall', 'refugee', 'action', 'muslimban', 'loud', 'getonthebus', 'trump', 'change', 'human', 'time', 'story', 'grow', 'solidarity', 'impact', 'antirefugee', 'call', 'syrian', 'defender', 'agenda', 'people', 'host', 'learn', 'group', 'right', 'policy', 'pond', 'plaza', 'strike', 'nowreading', 'congress', 'buildthewall', 'missile', 'mind', 'local', 'fight', 'share']","[16153562, 800326378998464512, 802842865072279552, 824708872447393793]","nobannowall,refugee,action,loud,muslimban,getonthebus,trump,people,plaza,share,right,time,solidarity,pond,story,group,nowreading,local,syrian,missile,mind,policy,learn,agenda,antirefugee,call,strike,congress,fight,buildthewall,defender,grow,host,change,human,impact","nobannowall,refugee,action,loud,muslimban,getonthebus,trump,people,plaza,share,right,time,solidarity,pond,story,group,nowreading,local,syrian,missile,mind,policy,learn,agenda,antirefugee,call,strike,congress,fight,buildthewall,defender,grow,host,change,human,impact","nobannowall,refugee,action,loud,muslimban,getonthebus,trump,people,plaza,share,right,time,solidarity,pond,story,group,nowreading,local,syrian,missile,mind,policy,learn,agenda,antirefugee,call,strike,congress,fight,buildthewall,defender,grow,host,change,human,impact","{'Protest Against Immigration Policies': ['nobannowall', 'muslimban', 'getonthebus', 'trump', 'people', 'solidarity', 'antirefugee', 'buildthewall', 'defender', 'fight', 'action', 'loud', 'call', 'strike', 'congress'], 'Refugee and Humanitarian Issues': ['refugee', 'syrian', 'policy', 'agenda', 'impact', 'human', 'change', 'local', 'host', 'share', 'story', 'mind', 'learn', 'grow'], 'Public Demonstrations and Community Actions': ['plaza', 'group', 'right', 'time', 'pond', 'nowreading']}",Protest Against Immigration Policies.Refugee and Humanitarian Issues.Public Demonstrations and Community Actions,"{'Protest Against Immigration Policies': ['nobannowall', 'muslimban', 'getonthebus', 'trump', 'antirefugee', 'buildthewall', 'solidarity', 'action', 'strike', 'fight', 'defender'], 'Refugee and Humanitarian Issues': ['refugee', 'syrian', 'human', 'impact', 'policy', 'agenda', 'change', 'local', 'host'], 'Community and Activism': ['people', 'plaza', 'share', 'story', 'group', 'call', 'congress', 'grow', 'mind', 'learn', 'right', 'time', 'loud', 'pond', 'nowreading']}",Protest Against Immigration Policies.Refugee and Humanitarian Issues.Community and Activism,"{'Protest Against Immigration Policies': ['nobannowall', 'muslimban', 'getonthebus', 'trump', 'people', 'solidarity', 'antirefugee', 'buildthewall', 'defender', 'fight', 'action', 'loud', 'call', 'strike', 'congress'], 'Refugee and Humanitarian Issues': ['refugee', 'syrian', 'policy', 'agenda', 'human', 'impact', 'local', 'share', 'story', 'learn', 'change', 'host', 'grow']}",Protest Against Immigration Policies.Refugee and Humanitarian Issues
6,0,"['muslimban', 'theresistance', 'nobannowall', 'resist', 'marinelepen', 'defend', 'bordersclose', 'culture', 'civilization', 'happyeaster', 'riseup', 'refugeeswelcome', 'value', 'remember']",6,0,"['muslimban', 'theresistance', 'nobannowall', 'resist', 'marinelepen', 'defend', 'bordersclose', 'culture', 'civilization', 'happyeaster', 'riseup', 'refugeeswelcome', 'value', 'remember']",0,"['theresistance_resist', 'theresistance', 'nobannowall', 'resist', 'riseup', 'neveragain']",0,"['theresistance_resist', 'theresistance', 'nobannowall', 'resist', 'riseup', 'neveragain']","[3060398056, 823171093854912500, 823171093854912516]","muslimban,theresistance,nobannowall,resist,marinelepen,defend,bordersclose,culture,civilization,happyeaster,riseup,refugeeswelcome,value,remember,theresistance_resist,neveragain","muslimban,theresistance,nobannowall,resist,marinelepen,defend,bordersclose,culture,civilization,happyeaster,riseup,refugeeswelcome,value,remember,theresistance_resist,neveragain","muslimban,theresistance,nobannowall,resist,marinelepen,defend,bordersclose,culture,civilization,happyeaster,riseup,refugeeswelcome,value,remember,theresistance_resist,neveragain","{'Political and Social Resistance': ['muslimban', 'theresistance', 'nobannowall', 'resist', 'theresistance_resist', 'riseup'], 'Nationalism and Border Control': ['marinelepen', 'defend', 'bordersclose'], 'Cultural and Civilizational Identity': ['culture', 'civilization', 'value', 'remember'], 'Religious and Cultural Observance': ['happyeaster'], 'Refugee and Immigration Support': ['refugeeswelcome'], 'Historical Remembrance and Advocacy': ['neveragain']}",Political and Social Resistance.Nationalism and Border Control.Cultural and Civilizational Identity.Religious and Cultural Observance.Refugee and Immigration Support.Historical Remembrance and Advocacy,"{'Political and Social Resistance': ['muslimban', 'theresistance', 'nobannowall', 'resist', 'theresistance_resist', 'riseup', 'neveragain'], 'Nationalism and Border Control': ['marinelepen', 'defend', 'bordersclose', 'culture', 'civilization'], 'Welcoming Refugees and Inclusivity': ['refugeeswelcome', 'value', 'remember'], 'Cultural and Religious Observance': ['happyeaster']}",Political and Social Resistance.Nationalism and Border Control.Welcoming Refugees and Inclusivity.Cultural and Religious Observance,"{'Political Resistance and Immigration': ['muslimban', 'theresistance', 'nobannowall', 'resist', 'defend', 'bordersclose', 'refugeeswelcome', 'theresistance_resist'], 'Cultural and Civilizational Identity': ['marinelepen', 'culture', 'civilization', 'value'], 'Commemoration and Remembrance': ['happyeaster', 'remember', 'neveragain'], 'Activism and Uprising': ['riseup']}",Political Resistance and Immigration.Cultural and Civilizational Identity.Commemoration and Remembrance.Activism and Uprising
7,11,"['refugeeswelcome', 'olvidad', 'visibilizando', 'migrantenkriminalitat', 'merkelmuslim']",7,11,"['refugeeswelcome', 'olvidad', 'visibilizando', 'migrantenkriminalitat', 'merkelmuslim']",14,"['refugeeswelcome', 'croydon', 'attack', 'reker', 'solidarity', 'vigil', 'community', 'ahmed', 'bring', 'people', 'refugee', 'protest', 'dunkirk', 'destruction', 'kurdish', 'camp']",14,"['refugeeswelcome', 'croydon', 'attack', 'reker', 'solidarity', 'vigil', 'community', 'ahmed', 'bring', 'people', 'refugee', 'protest', 'dunkirk', 'destruction', 'kurdish', 'camp']","[28091881, 627227732, 2320715580]","refugeeswelcome,olvidad,visibilizando,migrantenkriminalitat,merkelmuslim,croydon,attack,reker,solidarity,vigil,community,ahmed,bring,people,refugee,protest,dunkirk,destruction,kurdish,camp","refugeeswelcome,olvidad,visibilizando,migrantenkriminalitat,merkelmuslim,croydon,attack,reker,solidarity,vigil,community,ahmed,bring,people,refugee,protest,dunkirk,destruction,kurdish,camp","refugeeswelcome,olvidad,visibilizando,migrantenkriminalitat,merkelmuslim,croydon,attack,reker,solidarity,vigil,community,ahmed,bring,people,refugee,protest,dunkirk,destruction,kurdish,camp","{'Refugee Crisis and Community Solidarity': ['refugeeswelcome', 'solidarity', 'vigil', 'community', 'bring', 'people', 'refugee', 'protest'], 'Incidents and Attacks Related to Refugees': ['croydon', 'attack', 'reker', 'ahmed', 'dunkirk', 'destruction', 'camp'], 'Political and Social Narratives on Migration': ['olvidad', 'visibilizando', 'migrantenkriminalitat', 'merkelmuslim', 'kurdish']}",Refugee Crisis and Community Solidarity.Incidents and Attacks Related to Refugees.Political and Social Narratives on Migration,"{'Refugee Crisis and Community Solidarity': 'refugeeswelcome, olvidad, visibilizando, migrantenkriminalitat, merkelmuslim, croydon, attack, reker, solidarity, vigil, community, ahmed, bring, people, refugee, protest, dunkirk, destruction, kurdish, camp'}",Refugee Crisis and Community Solidarity,"{'Refugee Crisis and Community Solidarity': 'refugeeswelcome, olvidad, visibilizando, migrantenkriminalitat, merkelmuslim, croydon, attack, reker, solidarity, vigil, community, ahmed, bring, people, refugee, protest, dunkirk, destruction, kurdish, camp'}",Refugee Crisis and Community Solidarity
8,0,"['muslimban', 'theresistance', 'nobannowall', 'resist', 'marinelepen', 'defend', 'bordersclose', 'culture', 'civilization', 'happyeaster', 'riseup', 'refugeeswelcome', 'value', 'remember']",8,0,"['muslimban', 'theresistance', 'nobannowall', 'resist', 'marinelepen', 'defend', 'bordersclose', 'culture', 'civilization', 'happyeaster', 'riseup', 'refugeeswelcome', 'value', 'remember']",4,"['muslimban', 'defend', 'marinelepen', 'defend_culture', 'bordersclose', 'happyeaster_bordersclose', 'rise_defend', 'culture', 'civilization', 'happyeaster', 'marinelepen_remember', 'time_european', 'value_civilization', 'value', 'refugeeswelcome', 'defend_culture_value_civilization', 'remember', 'happyeaster_joyeusespaque', 'rise', 'sweden']",4,"['muslimban', 'defend', 'marinelepen', 'defend_culture', 'bordersclose', 'happyeaster_bordersclose', 'rise_defend', 'culture', 'civilization', 'happyeaster', 'marinelepen_remember', 'time_european', 'value_civilization', 'value', 'refugeeswelcome', 'defend_culture_value_civilization', 'remember', 'happyeaster_joyeusespaque', 'rise', 'sweden']","[2563237269, 3319287287, 3407135421, 3438614458, 3622251449, 3874676487, 4223251997, 705814755869470720, 718117017153306625, 838379187366952961, 838379187366953000, 844879189698326529]","muslimban,theresistance,nobannowall,resist,marinelepen,defend,bordersclose,culture,civilization,happyeaster,riseup,refugeeswelcome,value,remember,defend_culture,happyeaster_bordersclose,rise_defend,marinelepen_remember,time_european,value_civilization,defend_culture_value_civilization,happyeaster_joyeusespaque,rise,sweden","muslimban,theresistance,nobannowall,resist,marinelepen,defend,bordersclose,culture,civilization,happyeaster,riseup,refugeeswelcome,value,remember,defend_culture,happyeaster_bordersclose,rise_defend,marinelepen_remember,time_european,value_civilization,defend_culture_value_civilization,happyeaster_joyeusespaque,rise,sweden","muslimban,theresistance,nobannowall,resist,marinelepen,defend,bordersclose,culture,civilization,happyeaster,riseup,refugeeswelcome,value,remember,defend_culture,happyeaster_bordersclose,rise_defend,marinelepen_remember,time_european,value_civilization,defend_culture_value_civilization,happyeaster_joyeusespaque,rise,sweden","{'Political Resistance': ['muslimban', 'theresistance', 'nobannowall', 'resist', 'riseup', 'refugeeswelcome', 'rise', 'rise_defend'], 'Nationalism and Cultural Identity': ['marinelepen', 'defend', 'bordersclose', 'culture', 'civilization', 'value', 'remember', 'defend_culture', 'happyeaster_bordersclose', 'marinelepen_remember', 'time_european', 'value_civilization', 'defend_culture_value_civilization'], 'Easter Celebrations': ['happyeaster', 'happyeaster_joyeusespaque'], 'Sweden': ['sweden']}",Political Resistance.Nationalism and Cultural Identity.Easter Celebrations.Sweden,"{'Political Resistance': ['muslimban', 'theresistance', 'nobannowall', 'resist', 'riseup', 'refugeeswelcome', 'rise', 'rise_defend'], 'Nationalism and Cultural Identity': ['marinelepen', 'defend', 'bordersclose', 'culture', 'civilization', 'defend_culture', 'value', 'remember', 'marinelepen_remember', 'time_european', 'value_civilization', 'defend_culture_value_civilization'], 'Easter and Cultural Celebrations': ['happyeaster', 'happyeaster_bordersclose', 'happyeaster_joyeusespaque'], 'European Politics and Society': ['marinelepen', 'sweden']}",Political Resistance.Nationalism and Cultural Identity.Easter and Cultural Celebrations.European Politics and Society,"{'Political Resistance': ['muslimban', 'theresistance', 'nobannowall', 'resist', 'riseup', 'rise', 'defend', 'refugeeswelcome', 'rise_defend'], 'Nationalism and Cultural Identity': ['marinelepen', 'bordersclose', 'culture', 'civilization', 'defend_culture', 'value', 'remember', 'marinelepen_remember', 'time_european', 'value_civilization', 'defend_culture_value_civilization'], 'Easter and Cultural Celebrations': ['happyeaster', 'happyeaster_bordersclose', 'happyeaster_joyeusespaque'], 'European Politics and Society': ['sweden']}",Political Resistance.Nationalism and Cultural Identity.Easter and Cultural Celebrations.European Politics and Society
9,11,"['refugeeswelcome', 'olvidad', 'visibilizando', 'migrantenkriminalitat', 'merkelmuslim']",9,11,"['refugeeswelcome', 'olvidad', 'visibilizando', 'migrantenkriminalitat', 'merkelmuslim']",11,['ban'],11,['ban'],"[228188191, 379996628, 431128298, 948698282, 1530857760, 2932096685, 3372763595, 710380480756125696]","refugeeswelcome,olvidad,visibilizando,migrantenkriminalitat,merkelmuslim,ban","refugeeswelcome,olvidad,visibilizando,migrantenkriminalitat,merkelmuslim,ban","refugeeswelcome,olvidad,visibilizando,migrantenkriminalitat,merkelmuslim,ban","{'Refugee and Migration Issues': 'refugeeswelcome, migrantenkriminalitat, merkelmuslim, ban', 'Visibility and Awareness': 'olvidad, visibilizando'}",Refugee and Migration Issues.Visibility and Awareness,"{'Refugee and Migration Issues': 'refugeeswelcome, migrantenkriminalitat, merkelmuslim, ban', 'Visibility and Awareness': 'olvidad, visibilizando'}",Refugee and Migration Issues.Visibility and Awareness,"{'Refugee and Migration Issues': 'refugeeswelcome, migrantenkriminalitat, merkelmuslim, ban', 'Visibility and Awareness': 'olvidad, visibilizando'}",Refugee and Migration Issues.Visibility and Awareness
10,4,"['islamistheproblem', 'muslimban', 'travelban', 'stopmakingexcusesforislam', 'stopimportingislam', 'bansharialaw', 'banislam', 'extremevette', 'islam', 'lesson', 'islamisevil', 'stopislam', 'today', 'banthequran', 'enoughisenough', 'closeallmosquesnow', 'saynotoislam', 'bancair', 'banthequranasahatebook']",10,4,"['islamistheproblem', 'muslimban', 'travelban', 'stopmakingexcusesforislam', 'stopimportingislam', 'bansharialaw', 'banislam', 'extremevette', 'islam', 'lesson', 'islamisevil', 'stopislam', 'today', 'banthequran', 'enoughisenough', 'closeallmosquesnow', 'saynotoislam', 'bancair', 'banthequranasahatebook']",2,"['islamistheproblem', 'muslimban', 'travelban', 'stopmakingexcusesforislam', 'stopimportingislam', 'bansharialaw_banthequran', 'bansharialaw', 'stopimportingislam_stopmakingexcusesforislam', 'today_lesson', 'islamistheproblem_islamisevil', 'banislam', 'extremevette', 'lesson', 'islam', 'islamisevil', 'stopislam', 'today', 'stopislam_stopimpoetingmoslemscumbag', 'saynotoislam_stopimportingislam', 'banthequran', 'closeallmosquesnow', 'enoughisenough', 'saynotoislam', 'nomoremoslemrefugees_islamistheproblem']",2,"['islamistheproblem', 'muslimban', 'travelban', 'stopmakingexcusesforislam', 'stopimportingislam', 'bansharialaw_banthequran', 'bansharialaw', 'stopimportingislam_stopmakingexcusesforislam', 'today_lesson', 'islamistheproblem_islamisevil', 'banislam', 'extremevette', 'lesson', 'islam', 'islamisevil', 'stopislam', 'today', 'stopislam_stopimpoetingmoslemscumbag', 'saynotoislam_stopimportingislam', 'banthequran', 'closeallmosquesnow', 'enoughisenough', 'saynotoislam', 'nomoremoslemrefugees_islamistheproblem']","[2980186012, 845488340686139392, 845488340686139400, 848760557087801300, 848760557087801344]","islamistheproblem,muslimban,travelban,stopmakingexcusesforislam,stopimportingislam,bansharialaw,banislam,extremevette,islam,lesson,islamisevil,stopislam,today,banthequran,enoughisenough,closeallmosquesnow,saynotoislam,bancair,banthequranasahatebook,bansharialaw_banthequran,stopimportingislam_stopmakingexcusesforislam,today_lesson,islamistheproblem_islamisevil,stopislam_stopimpoetingmoslemscumbag,saynotoislam_stopimportingislam,nomoremoslemrefugees_islamistheproblem","islamistheproblem,muslimban,travelban,stopmakingexcusesforislam,stopimportingislam,bansharialaw,banislam,extremevette,islam,lesson,islamisevil,stopislam,today,banthequran,enoughisenough,closeallmosquesnow,saynotoislam,bancair,banthequranasahatebook,bansharialaw_banthequran,stopimportingislam_stopmakingexcusesforislam,today_lesson,islamistheproblem_islamisevil,stopislam_stopimpoetingmoslemscumbag,saynotoislam_stopimportingislam,nomoremoslemrefugees_islamistheproblem","islamistheproblem,muslimban,travelban,stopmakingexcusesforislam,stopimportingislam,bansharialaw,banislam,extremevette,islam,lesson,islamisevil,stopislam,today,banthequran,enoughisenough,closeallmosquesnow,saynotoislam,bancair,banthequranasahatebook,bansharialaw_banthequran,stopimportingislam_stopmakingexcusesforislam,today_lesson,islamistheproblem_islamisevil,stopislam_stopimpoetingmoslemscumbag,saynotoislam_stopimportingislam,nomoremoslemrefugees_islamistheproblem","{'Anti-Islam Sentiment': ['islamistheproblem', 'muslimban', 'travelban', 'stopmakingexcusesforislam', 'stopimportingislam', 'bansharialaw', 'banislam', 'extremevette', 'islam', 'lesson', 'islamisevil', 'stopislam', 'today', 'banthequran', 'enoughisenough', 'closeallmosquesnow', 'saynotoislam', 'bancair', 'banthequranasahatebook', 'bansharialaw_banthequran', 'stopimportingislam_stopmakingexcusesforislam', 'today_lesson', 'islamistheproblem_islamisevil', 'stopislam_stopimpoetingmoslemscumbag', 'saynotoislam_stopimportingislam', 'nomoremoslemrefugees_islamistheproblem']}",Anti-Islam Sentiment,"{'Anti-Islam Sentiment': ['islamistheproblem', 'muslimban', 'travelban', 'stopmakingexcusesforislam', 'stopimportingislam', 'bansharialaw', 'banislam', 'extremevette', 'islam', 'lesson', 'islamisevil', 'stopislam', 'today', 'banthequran', 'enoughisenough', 'closeallmosquesnow', 'saynotoislam', 'bancair', 'banthequranasahatebook', 'bansharialaw_banthequran', 'stopimportingislam_stopmakingexcusesforislam', 'today_lesson', 'islamistheproblem_islamisevil', 'stopislam_stopimpoetingmoslemscumbag', 'saynotoislam_stopimportingislam', 'nomoremoslemrefugees_islamistheproblem']}",Anti-Islam Sentiment,"{'Anti-Islam Sentiment': ['islamistheproblem', 'muslimban', 'travelban', 'stopmakingexcusesforislam', 'stopimportingislam', 'bansharialaw', 'banislam', 'extremevette', 'islam', 'lesson', 'islamisevil', 'stopislam', 'today', 'banthequran', 'enoughisenough', 'closeallmosquesnow', 'saynotoislam', 'bancair', 'banthequranasahatebook', 'bansharialaw_banthequran', 'stopimportingislam_stopmakingexcusesforislam', 'today_lesson', 'islamistheproblem_islamisevil', 'stopislam_stopimpoetingmoslemscumbag', 'saynotoislam_stopimportingislam', 'nomoremoslemrefugees_islamistheproblem']}",Anti-Islam Sentiment
11,11,"['refugeeswelcome', 'olvidad', 'visibilizando', 'migrantenkriminalitat', 'merkelmuslim']",11,11,"['refugeeswelcome', 'olvidad', 'visibilizando', 'migrantenkriminalitat', 'merkelmuslim']",11,['ban'],11,['ban'],"[1334295828, 1642419774, 2635598825, 3492203836, 704369311004139500, 716630421598040065, 764196970105868289, 768755478671290368, 818521856634396672]","refugeeswelcome,olvidad,visibilizando,migrantenkriminalitat,merkelmuslim,ban","refugeeswelcome,olvidad,visibilizando,migrantenkriminalitat,merkelmuslim,ban","refugeeswelcome,olvidad,visibilizando,migrantenkriminalitat,merkelmuslim,ban","{'Refugee and Migration Issues': 'refugeeswelcome, migrantenkriminalitat, merkelmuslim, ban', 'Visibility and Remembrance': 'olvidad, visibilizando'}",Refugee and Migration Issues.Visibility and Remembrance,"{'Refugee and Migration Issues': 'refugeeswelcome, migrantenkriminalitat, merkelmuslim, ban', 'Visibility and Awareness': 'olvidad, visibilizando'}",Refugee and Migration Issues.Visibility and Awareness,"{'Refugee and Migration Issues': 'refugeeswelcome, migrantenkriminalitat, merkelmuslim, ban', 'Visibility and Awareness': 'olvidad, visibilizando'}",Refugee and Migration Issues.Visibility and Awareness
12,11,"['refugeeswelcome', 'olvidad', 'visibilizando', 'migrantenkriminalitat', 'merkelmuslim']",12,11,"['refugeeswelcome', 'olvidad', 'visibilizando', 'migrantenkriminalitat', 'merkelmuslim']",1,"['theresistance_impeachtrump', 'theresistance', 'muslimban', 'impeachtrump', 'terrorism', 'trump', 'fact', 'target', 'americans', 'islam']",1,"['theresistance_impeachtrump', 'theresistance', 'muslimban', 'impeachtrump', 'terrorism', 'trump', 'fact', 'target', 'americans', 'islam']","[3041627647, 778933753150251000, 822514976388562944]","refugeeswelcome,olvidad,visibilizando,migrantenkriminalitat,merkelmuslim,theresistance_impeachtrump,theresistance,muslimban,impeachtrump,terrorism,trump,fact,target,americans,islam","refugeeswelcome,olvidad,visibilizando,migrantenkriminalitat,merkelmuslim,theresistance_impeachtrump,theresistance,muslimban,impeachtrump,terrorism,trump,fact,target,americans,islam","refugeeswelcome,olvidad,visibilizando,migrantenkriminalitat,merkelmuslim,theresistance_impeachtrump,theresistance,muslimban,impeachtrump,terrorism,trump,fact,target,americans,islam","{'Immigration and Refugee Issues': 'refugeeswelcome, olvidad, visibilizando, migrantenkriminalitat, merkelmuslim, muslimban', 'Political Resistance and Impeachment': 'theresistance_impeachtrump, theresistance, impeachtrump', 'Terrorism and Islam': 'terrorism, trump, fact, target, americans, islam'}",Immigration and Refugee Issues.Political Resistance and Impeachment.Terrorism and Islam,"{'Immigration and Refugee Issues': ['refugeeswelcome', 'olvidad', 'visibilizando', 'migrantenkriminalitat', 'merkelmuslim', 'muslimban'], 'Political Resistance and Impeachment': ['theresistance_impeachtrump', 'theresistance', 'impeachtrump'], 'Terrorism and Islam': ['terrorism', 'islam'], 'American Politics and Trump': ['trump', 'fact', 'target', 'americans']}",Immigration and Refugee Issues.Political Resistance and Impeachment.Terrorism and Islam.American Politics and Trump,"{'Immigration and Refugee Issues': ['refugeeswelcome', 'olvidad', 'visibilizando', 'migrantenkriminalitat', 'merkelmuslim', 'muslimban', 'islam'], 'Political Resistance and Criticism': ['theresistance_impeachtrump', 'theresistance', 'impeachtrump', 'trump', 'americans'], 'Security and Terrorism': ['terrorism', 'target', 'fact']}",Immigration and Refugee Issues.Political Resistance and Criticism.Security and Terrorism
13,7,"['uniteblue', 'latism', 'tntweeter', 'uslatino', 'nobannowall', 'immigration']",13,7,"['uniteblue', 'latism', 'tntweeter', 'uslatino', 'nobannowall', 'immigration']",3,"['nobannowall_latism', 'notmore_niunomas', 'heretostay_uniteblue', 'immigration_inmigracion', 'immigration', 'uniteblue', 'tntweeter', 'nobannowall', 'latism', 'uslatino']",3,"['nobannowall_latism', 'notmore_niunomas', 'heretostay_uniteblue', 'immigration_inmigracion', 'immigration', 'uniteblue', 'tntweeter', 'nobannowall', 'latism', 'uslatino']","[358005482, 1511154877, 1939212224, 2296218770, 2321479686, 2322972280, 2331266245, 2347832648, 2351157576, 2358140324, 2359310914, 2383802631, 2994390921, 3153083326, 3241468546]","uniteblue,latism,tntweeter,uslatino,nobannowall,immigration,nobannowall_latism,notmore_niunomas,heretostay_uniteblue,immigration_inmigracion","uniteblue,latism,tntweeter,uslatino,nobannowall,immigration,nobannowall_latism,notmore_niunomas,heretostay_uniteblue,immigration_inmigracion","uniteblue,latism,tntweeter,uslatino,nobannowall,immigration,nobannowall_latism,notmore_niunomas,heretostay_uniteblue,immigration_inmigracion","{'Social Media Activism': ['uniteblue', 'latism', 'tntweeter', 'uslatino', 'nobannowall', 'nobannowall_latism', 'heretostay_uniteblue'], 'Immigration and Latino Advocacy': ['immigration', 'uslatino', 'immigration_inmigracion', 'notmore_niunomas']}",Social Media Activism.Immigration and Latino Advocacy,"{'Social Media Activism': ['uniteblue', 'latism', 'tntweeter', 'uslatino'], 'Immigration and Anti-Discrimination': ['nobannowall', 'immigration', 'nobannowall_latism', 'notmore_niunomas', 'heretostay_uniteblue', 'immigration_inmigracion']}",Social Media Activism.Immigration and Anti-Discrimination,"{'Social Media Activism': ['uniteblue', 'latism', 'tntweeter', 'uslatino', 'nobannowall', 'nobannowall_latism', 'heretostay_uniteblue'], 'Immigration and Latino Advocacy': ['immigration', 'uslatino', 'immigration_inmigracion', 'notmore_niunomas']}",Social Media Activism.Immigration and Latino Advocacy
14,9,"['trump', 'muslimban', 'refugeeban', 'syria', 'petition', 'refugee', 'sign']",14,9,"['trump', 'muslimban', 'refugeeban', 'syria', 'petition', 'refugee', 'sign']",12,"['trump', 'sign_petition', 'refugee']",12,"['trump', 'sign_petition', 'refugee']","[188143601, 298602588, 1260106039, 1896346400, 3240623814]","trump,muslimban,refugeeban,syria,petition,refugee,sign,sign_petition","trump,muslimban,refugeeban,syria,petition,refugee,sign,sign_petition","trump,muslimban,refugeeban,syria,petition,refugee,sign,sign_petition","{'Political Controversy': 'trump, muslimban, refugeeban', 'Humanitarian Crisis': 'syria, refugee', 'Activism and Advocacy': 'petition, sign, sign_petition'}",Political Controversy.Humanitarian Crisis.Activism and Advocacy,"{'Political Actions and Immigration Policies': 'trump, muslimban, refugeeban, syria, refugee', 'Public Response and Activism': 'petition, sign, sign_petition'}",Political Actions and Immigration Policies.Public Response and Activism,"{'US Immigration Policy': 'trump, muslimban, refugeeban, syria, refugee', 'Activism': 'petition, sign, sign_petition'}",US Immigration Policy.Activism
15,8,"['muslimban', 'americafirst', 'maga', 'buildthewall', 'not', 'boom', 'religion', 'piece', 'mexicopays']",15,8,"['muslimban', 'americafirst', 'maga', 'buildthewall', 'not', 'boom', 'religion', 'piece', 'mexicopays']",5,"['muslimban', 'americafirst', 'maga', 'buildthewall_mexicopays', 'bless_americafirst', 'buildthewall', 'not', 'maga_religion', 'fakenews_buildthewall', 'boom', 'piece', 'religion', 'hard_remember']",5,"['muslimban', 'americafirst', 'maga', 'buildthewall_mexicopays', 'bless_americafirst', 'buildthewall', 'not', 'maga_religion', 'fakenews_buildthewall', 'boom', 'piece', 'religion', 'hard_remember']","[3340394234, 3382917972, 835554559774773200, 835637896044371968, 835637896044372000]","muslimban,americafirst,maga,buildthewall,not,boom,religion,piece,mexicopays,buildthewall_mexicopays,bless_americafirst,maga_religion,fakenews_buildthewall,hard_remember","muslimban,americafirst,maga,buildthewall,not,boom,religion,piece,mexicopays,buildthewall_mexicopays,bless_americafirst,maga_religion,fakenews_buildthewall,hard_remember","muslimban,americafirst,maga,buildthewall,not,boom,religion,piece,mexicopays,buildthewall_mexicopays,bless_americafirst,maga_religion,fakenews_buildthewall,hard_remember","{'US Political Slogans and Policies': 'muslimban, americafirst, maga, buildthewall, mexicopays, buildthewall_mexicopays, bless_americafirst, maga_religion, fakenews_buildthewall'}",US Political Slogans and Policies,"{'US Political Slogans and Policies': 'muslimban, americafirst, maga, buildthewall, mexicopays, buildthewall_mexicopays, bless_americafirst, maga_religion, fakenews_buildthewall'}",US Political Slogans and Policies,"{'US Political Slogans and Policies': ['muslimban', 'americafirst', 'maga', 'buildthewall', 'mexicopays', 'buildthewall_mexicopays', 'bless_americafirst', 'maga_religion', 'fakenews_buildthewall']}",US Political Slogans and Policies
16,13,"['wall', 'trend', 'retweet', 'trumps', 'trump', 'fact', 'change', 'disgusting', 'immigrantsarewelcomehere', 'nohatenofear', 'direction', 'unacceptable']",16,13,"['wall', 'trend', 'retweet', 'trumps', 'trump', 'fact', 'change', 'disgusting', 'immigrantsarewelcomehere', 'nohatenofear', 'direction', 'unacceptable']",10,"['wall_trend', 'muslimban', 'muslim', 'trump', 'refugeeban', 'retweet', 'trend', 'wall', 'americafirst', 'ban', 'makeamericasafeagain', 'maga', 'islam', 'trumps', 'change', 'banislam', 'buildthewall', 'muslims']",10,"['wall_trend', 'muslimban', 'muslim', 'trump', 'refugeeban', 'retweet', 'trend', 'wall', 'americafirst', 'ban', 'makeamericasafeagain', 'maga', 'islam', 'trumps', 'change', 'banislam', 'buildthewall', 'muslims']","[26368315, 806877805157949400, 847456456467030020]","wall,trend,retweet,trumps,trump,fact,change,disgusting,immigrantsarewelcomehere,nohatenofear,direction,unacceptable,wall_trend,muslimban,muslim,refugeeban,americafirst,ban,makeamericasafeagain,maga,islam,banislam,buildthewall,muslims","wall,trend,retweet,trumps,trump,fact,change,disgusting,immigrantsarewelcomehere,nohatenofear,direction,unacceptable,wall_trend,muslimban,muslim,refugeeban,americafirst,ban,makeamericasafeagain,maga,islam,banislam,buildthewall,muslims","wall,trend,retweet,trumps,trump,fact,change,disgusting,immigrantsarewelcomehere,nohatenofear,direction,unacceptable,wall_trend,muslimban,muslim,refugeeban,americafirst,ban,makeamericasafeagain,maga,islam,banislam,buildthewall,muslims","{'US Immigration and Nationalism': ['wall', 'trumps', 'trump', 'immigrantsarewelcomehere', 'nohatenofear', 'unacceptable', 'muslimban', 'refugeeban', 'americafirst', 'ban', 'makeamericasafeagain', 'maga', 'buildthewall'], 'Social Media and Public Opinion': ['trend', 'retweet', 'fact', 'change', 'disgusting', 'direction', 'wall_trend'], 'Islam and Controversial Policies': ['muslimban', 'muslim', 'refugeeban', 'banislam', 'islam', 'muslims']}",US Immigration and Nationalism.Social Media and Public Opinion.Islam and Controversial Policies,"{'US Immigration and Nationalism': ['wall', 'trumps', 'trump', 'immigrantsarewelcomehere', 'nohatenofear', 'unacceptable', 'muslimban', 'refugeeban', 'americafirst', 'ban', 'makeamericasafeagain', 'maga', 'buildthewall'], 'Social Media and Public Opinion': ['trend', 'retweet', 'fact', 'change', 'disgusting', 'direction', 'wall_trend'], 'Islam and Controversial Policies': ['muslim', 'banislam', 'muslims', 'islam']}",US Immigration and Nationalism.Social Media and Public Opinion.Islam and Controversial Policies,"{'US Immigration and Nationalism': ['wall', 'trumps', 'trump', 'immigrantsarewelcomehere', 'nohatenofear', 'unacceptable', 'muslimban', 'refugeeban', 'americafirst', 'ban', 'makeamericasafeagain', 'maga', 'buildthewall'], 'Social Media and Public Opinion': ['trend', 'retweet', 'fact', 'change', 'disgusting', 'direction', 'wall_trend'], 'Islam and Controversial Policies': ['muslim', 'muslimban', 'refugeeban', 'banislam', 'islam', 'muslims']}",US Immigration and Nationalism.Social Media and Public Opinion.Islam and Controversial Policies
17,7,"['uniteblue', 'latism', 'tntweeter', 'uslatino', 'nobannowall', 'immigration']",17,7,"['uniteblue', 'latism', 'tntweeter', 'uslatino', 'nobannowall', 'immigration']",9,"['singapore', 'singapore_great', 'singapore_goodwill', 'ban', 'goodwill', 'travel', 'great', 'singapore_goodwill_singapore_great', 'donald']",9,"['singapore', 'singapore_great', 'singapore_goodwill', 'ban', 'goodwill', 'travel', 'great', 'singapore_goodwill_singapore_great', 'donald']","[3107232691, 3184778978, 3185719406]","uniteblue,latism,tntweeter,uslatino,nobannowall,immigration,singapore,singapore_great,singapore_goodwill,ban,goodwill,travel,great,singapore_goodwill_singapore_great,donald","uniteblue,latism,tntweeter,uslatino,nobannowall,immigration,singapore,singapore_great,singapore_goodwill,ban,goodwill,travel,great,singapore_goodwill_singapore_great,donald","uniteblue,latism,tntweeter,uslatino,nobannowall,immigration,singapore,singapore_great,singapore_goodwill,ban,goodwill,travel,great,singapore_goodwill_singapore_great,donald","{'Social Media Activism': ['uniteblue', 'latism', 'tntweeter', 'uslatino', 'nobannowall', 'immigration', 'ban', 'donald'], 'Singapore Tourism and Diplomacy': ['singapore', 'singapore_great', 'singapore_goodwill', 'travel', 'great', 'singapore_goodwill_singapore_great', 'goodwill']}",Social Media Activism.Singapore Tourism and Diplomacy,"{'Social Media Activism': ['uniteblue', 'latism', 'tntweeter', 'uslatino', 'nobannowall', 'immigration', 'ban', 'donald'], 'Singapore Tourism and Diplomacy': ['singapore', 'singapore_great', 'singapore_goodwill', 'travel', 'great', 'singapore_goodwill_singapore_great', 'goodwill']}",Social Media Activism.Singapore Tourism and Diplomacy,"{'Social Media and Activism': ['uniteblue', 'latism', 'tntweeter', 'uslatino', 'nobannowall', 'immigration', 'ban', 'donald'], 'Singapore and Positive Initiatives': ['singapore', 'singapore_great', 'singapore_goodwill', 'goodwill', 'travel', 'great', 'singapore_goodwill_singapore_great']}",Social Media and Activism.Singapore and Positive Initiatives
